Temperature Time [s],Temp [C],States Time [s],Position [rad],Velocity [rad/s],Effort [mA],Commands Time [s],Position Command [rad],,Max Temp [C],Min Temp [C],Temp Range [C],Max Effort [mA],Min Effort [mA],Avg Pos Effort [mA],Avg Neg Effort [mA]
0.0,41,0.0,0.052155349403619766,0.0,-8.069999694824219,0.0,0.0,,43,41,2,196.37001037597656,-180.23001098632812,121.70414608702174,-103.0185719653978
4.920673847198486,41,0.08204770088195801,0.052155349403619766,0.0,-8.069999694824219,1.7193267345428467,1.6814751625061035
9.918295860290527,41,0.1722259521484375,0.052155349403619766,0.0,-8.069999694824219,2.6192495822906494,3.002058982849121
14.92005968093872,41,0.26242733001708984,0.052155349403619766,0.0,-8.069999694824219,3.5187935829162598,2.884157419204712
19.918503284454346,42,0.35218143463134766,0.052155349403619766,0.0,-8.069999694824219,4.418878793716431,1.3841803073883057
24.919636487960815,42,0.44243931770324707,0.052155349403619766,0.0,-8.069999694824219,5.318848371505737,-0.7790418267250061
29.920233488082886,42,0.5321216583251953,0.052155349403619766,0.0,-8.069999694824219,6.2188780307769775,-2.568972587585449
34.91871452331543,42,0.6221632957458496,0.052155349403619766,0.0,-8.069999694824219,7.119190216064453,-3.127864122390747
39.918389558792114,42,0.7123565673828125,0.052155349403619766,0.0,-8.069999694824219,8.019229412078857,-2.1878485679626465
44.91801309585571,42,0.8020431995391846,0.052155349403619766,0.0,-8.069999694824219,8.918825387954712,-0.19963574409484863
49.91893410682678,42,0.8923923969268799,0.052155349403619766,0.0,-8.069999694824219,9.819309949874878,1.8844424486160278
54.91934823989868,42,0.9823229312896729,0.052155349403619766,0.0,-8.069999694824219,10.718891859054565,3.065443515777588
59.918158769607544,42,1.0721771717071533,0.052155349403619766,0.0,-8.069999694824219,11.61897587776184,2.777489423751831
64.91783618927002,42,1.1621651649475098,0.052155349403619766,0.0,-8.069999694824219,12.518848419189453,1.158700704574585
69.91895961761475,42,1.2524502277374268,0.052155349403619766,0.0,-10.760000228881836,13.41884970664978,-1.015348196029663
74.91622042655945,42,1.3422389030456543,0.03528155758976936,-0.14388494193553925,-96.84000396728516,14.31885290145874,-2.7028799057006836
79.91968703269958,42,1.4324617385864258,0.006135923322290182,-0.31175071001052856,-43.040000915527344,15.218892335891724,-3.0952229499816895
84.918949842453,43,1.522418737411499,0.006135923322290182,0.0,-59.18000030517578,16.118886470794678,-2.0043022632598877
89.91858291625977,42,1.6119940280914307,0.004601942375302315,0.0,-75.31999969482422,17.018824815750122,0.0469677560031414
94.91941285133362,43,1.7022314071655273,0.004601942375302315,0.0,-51.11000061035156,17.919180870056152,2.0758767127990723
99.91948699951172,42,1.7928504943847656,0.004601942375302315,0.0,-80.70000457763672,18.819238424301147,3.109954833984375
,,1.8825838565826416,0.006135923322290182,0.0,-48.42000198364258,19.718897819519043,2.653735399246216
,,1.971954584121704,0.004601942375302315,0.0,-40.35000228881836,20.618826389312744,0.9260320067405701
,,2.06242299079895,0.004601942375302315,0.0,-48.42000198364258,21.518834352493286,-1.2455004453659058
,,2.15230131149292,0.004601942375302315,0.0,-56.4900016784668,22.418968677520752,-2.8201959133148193
,,2.253019332885742,0.006135923322290182,0.0,-69.94000244140625,23.319400310516357,-3.0434622764587402
,,2.3324601650238037,0.006135923322290182,0.0,40.35000228881836,24.21889019012451,-1.8082767724990845
,,2.4222733974456787,0.04141748324036598,0.3597123622894287,126.43000030517578,25.11904788017273,0.2934005856513977
,,2.512368679046631,0.11811652034521103,0.7913671731948853,164.08999633789062,26.018835306167603,2.2544119358062744
,,2.602562665939331,0.2346990704536438,1.2470028400421143,166.77999877929688,26.91910409927368,3.13525390625
,,2.69278621673584,0.374291330575943,1.5107918977737427,104.91000366210938,27.81881594657898,2.513723850250244
,,2.7826223373413086,0.5322913527488708,1.7026385068893433,86.08000183105469,28.71886968612671,0.6875213980674744
,,2.872499942779541,0.7010292410850525,1.8465235233306885,107.60000610351562,29.618855714797974,-1.4679721593856812
,,2.962484359741211,0.8789710402488708,1.9184659719467163,147.9499969482422,30.518831491470337,-2.9200997352600098
,,3.055490493774414,1.06918466091156,2.0143892765045166,118.36000061035156,31.418923139572144,-2.972975254058838
,,3.1526191234588623,1.2732040882110596,2.0623509883880615,134.5,32.31917905807495,-1.6011724472045898
,,3.236788034439087,1.4373400211334229,2.0623509883880615,153.3300018310547,33.2188606262207,0.5378853678703308
,,3.3225080966949463,1.621417760848999,2.086331605911255,153.3300018310547,34.119218826293945,2.419194221496582
,,3.412436008453369,1.807029366493225,2.0623509883880615,158.7100067138672,35.018919229507446,3.141240119934082
,,3.5023248195648193,1.9880391359329224,2.038370132446289,123.74000549316406,35.918832540512085,2.358123302459717
,,3.592627763748169,2.165980815887451,1.9664275646209717,88.77000427246094,36.8193461894989,0.44478410482406616
,,3.682431936264038,2.3362526893615723,1.9184659719467163,150.63999938964844,37.718912839889526,-1.6813595294952393
,,3.772820472717285,2.5003888607025146,1.822542667388916,107.60000610351562,38.61884140968323,-3.0020124912261963
,,3.862246513366699,2.6522529125213623,1.7026385068893433,150.63999938964844,39.5188262462616,-2.8841545581817627
,,3.9552180767059326,2.793379068374634,1.5347727537155151,137.19000244140625,40.41916108131409,-1.3842272758483887
,,4.052586317062378,2.923767566680908,1.318945288658142,115.67000579833984,41.31890368461609,0.7791188955307007
,,4.1325154304504395,3.011204481124878,1.127098798751831,91.45999908447266,42.219316720962524,2.569042921066284
,,4.222586154937744,3.086369514465332,0.8393288254737854,86.08000183105469,43.1188530921936,3.1278607845306396
,,4.312066555023193,3.1216509342193604,0.40767401456832886,104.91000366210938,44.018900632858276,2.187896251678467
,,4.401790380477905,3.1262528896331787,0.04796164855360985,18.829999923706055,44.918896198272705,0.19964443147182465
,,4.491758108139038,3.1262528896331787,0.0,-43.040000915527344,45.81887078285217,-1.884499430656433
,,4.581873416900635,3.1078450679779053,-0.1918465942144394,-134.5,46.71884059906006,-3.0654122829437256
,,4.671773433685303,3.069495677947998,-0.3836931884288788,-112.9800033569336,47.61890268325806,-2.777477741241455
,,4.761904001235962,3.0204081535339355,-0.5035973191261292,-145.260009765625,48.519122838974,-1.158614158630371
,,4.853748559951782,2.9559810161590576,-0.6954439282417297,-158.7100067138672,49.418834924697876,1.0153499841690063
,,4.951746225357056,2.8746800422668457,-0.8393288254737854,-112.9800033569336,50.318944454193115,2.702929735183716
,,5.031725883483887,2.797981023788452,-0.9352521300315857,-115.67000579833984,51.219038009643555,3.0951988697052
,,5.121735572814941,2.7044081687927246,-1.0311754941940308,-145.260009765625,52.11941885948181,2.0042853355407715
,,5.21175742149353,2.6016314029693604,-1.127098798751831,-115.67000579833984,53.01947259902954,-0.04705963656306267
,,5.301699638366699,2.4927189350128174,-1.2230219841003418,-107.60000610351562,53.9188756942749,-2.0758745670318604
,,5.392132759094238,2.3746023178100586,-1.2949645519256592,-121.05000305175781,54.819334983825684,-3.1099448204040527
,,5.4817118644714355,2.2488160133361816,-1.3908878564834595,-134.5,55.719181060791016,-2.653764009475708
,,5.571715354919434,2.1153595447540283,-1.4868111610412598,-147.9499969482422,56.61935782432556,-0.9258193969726562
,,5.661730527877808,1.9726994037628174,-1.5827343463897705,-94.1500015258789,57.51899695396423,1.245585322380066
,,5.753667831420898,1.8177672624588013,-1.6786576509475708,-137.19000244140625,58.418968200683594,2.820194959640503
,,5.8518617153167725,1.6474953889846802,-1.774580955505371,-102.22000122070312,59.31920576095581,3.0434587001800537
,,5.931670904159546,1.4986993074417114,-1.8465235233306885,-99.52999877929688,60.21889114379883,1.8082674741744995
,,6.02163290977478,1.3268934488296509,-1.8944851160049438,-99.52999877929688,61.11883211135864,-0.29334330558776855
,,6.111761808395386,1.1458836793899536,-1.9904084205627441,-91.45999908447266,62.01890707015991,-2.2545032501220703
,,6.201691627502441,0.9602720141410828,-2.038370132446289,-99.52999877929688,62.91886329650879,-3.1352508068084717
,,6.291629314422607,0.7700583934783936,-2.0623509883880615,-110.29000091552734,63.81888031959534,-2.513669490814209
,,6.381662607192993,0.5737088322639465,-2.1342933177948,-72.6300048828125,64.71923041343689,-0.6875184178352356
,,6.471657991409302,0.37275734543800354,-2.1822550296783447,-110.29000091552734,65.6191463470459,1.4680383205413818
,,6.561691522598267,0.1702718734741211,-2.206235885620117,-80.70000457763672,66.51889252662659,2.9201056957244873
,,6.653817415237427,-0.0475534051656723,-2.2781782150268555,-72.6300048828125,67.41888380050659,2.972959041595459
,,6.751540184020996,-0.2730485796928406,-2.254197597503662,-104.91000366210938,68.31899976730347,1.6011500358581543
,,6.8317482471466064,-0.46172821521759033,-2.3261399269104004,-83.38999938964844,69.21884202957153,-0.5377858281135559
,,6.921850681304932,-0.6718835830688477,-2.3261399269104004,-48.42000198364258,70.11909794807434,-2.4192018508911133
,,7.011595726013184,-0.8774370551109314,-2.302159070968628,-88.77000427246094,71.01882982254028,-3.1412415504455566
,,7.101555347442627,-1.087592363357544,-2.302159070968628,-99.52999877929688,71.91880631446838,-2.358123302459717
,,7.191560983657837,-1.294679880142212,-2.3261399269104004,-83.38999938964844,72.81881475448608,-0.44501399993896484
,,7.28155779838562,-1.497165322303772,-2.2781782150268555,-99.52999877929688,73.7190089225769,1.6813825368881226
,,7.371990442276001,-1.6965827941894531,-2.2302167415618896,-104.91000366210938,74.61887001991272,3.0020129680633545
,,7.4615819454193115,-1.891398310661316,-2.1822550296783447,-91.45999908447266,75.51889896392822,2.8840982913970947
,,7.553856611251831,-2.0862138271331787,-2.1103124618530273,-123.74000549316406,76.41889595985413,1.384122610092163
,,7.651758432388306,-2.2825634479522705,-2.0143892765045166,-88.77000427246094,77.318843126297,-0.7789628505706787
,,7.731579303741455,-2.4359614849090576,-1.8944851160049438,-80.70000457763672,78.21889448165894,-2.569000482559204
,,7.821555852890015,-2.5954954624176025,-1.774580955505371,-99.52999877929688,79.11884665489197,-3.127866268157959
,,7.911966323852539,-2.7442917823791504,-1.6306960582733154,-131.80999755859375,80.0191171169281,-2.187920570373535
,,8.001518726348877,-2.8731460571289062,-1.4388494491577148,-126.43000030517578,80.92005228996277,-0.19941475987434387
,,8.091675281524658,-2.9851267337799072,-1.2230219841003418,-126.43000030517578,81.81889390945435,1.884437918663025
,,8.18203091621399,-3.069495677947998,-0.9352521300315857,-137.19000244140625,82.71881985664368,3.0654137134552
,,8.271636247634888,-3.1185829639434814,-0.5515589714050293,-115.67000579833984,83.6189215183258,2.777470350265503
,,8.361923933029175,-3.1262528896331787,-0.0959232971072197,-166.77999877929688,84.5193018913269,1.1585615873336792
,,8.45348334312439,-3.1262528896331787,0.0,-32.279998779296875,85.41889905929565,-1.0155037641525269
,,8.552491903305054,-3.120116949081421,0.023980824276804924,150.63999938964844,86.31891226768494,-2.7029237747192383
,,8.631520509719849,-3.097107410430908,0.2637890577316284,190.99000549316406,87.21893382072449,-3.095205545425415
,,8.721580982208252,-3.0541558265686035,0.4796164929866791,153.3300018310547,88.11892247200012,-2.00435733795166
,,8.811460256576538,-2.997398614883423,0.6235014200210571,129.1199951171875,89.01893925666809,0.04724856838583946
,,8.901911973953247,-2.926835536956787,0.7434055805206299,104.91000366210938,89.91895532608032,2.075859308242798
,,8.992161989212036,-2.8470683097839355,0.8633096814155579,107.60000610351562,90.81923985481262,3.1099295616149902
,,9.081481218338013,-2.759631395339966,0.9592329859733582,112.9800033569336,91.7189130783081,2.6537623405456543
,,9.171712636947632,-2.661456823348999,1.0551562309265137,131.80999755859375,92.61882781982422,0.9259732961654663
,,9.262086391448975,-2.555612087249756,1.151079535484314,123.74000549316406,93.51887941360474,-1.2456287145614624
,,9.354615688323975,-2.4359614849090576,1.2709836959838867,121.05000305175781,94.41889882087708,-2.820241928100586
,,9.452710151672363,-2.300971269607544,1.366907000541687,99.52999877929688,95.31929516792297,-3.0434341430664062
,,9.531529664993286,-2.1843886375427246,1.4388494491577148,123.74000549316406,96.21887826919556,-1.8083256483078003
,,9.621473789215088,-2.046330451965332,1.5347727537155151,104.91000366210938,97.11921095848083,0.2933744490146637
,,9.71143388748169,-1.9006022214889526,1.606715202331543,142.57000732421875,98.01892352104187,2.254450559616089
,,9.801360607147217,-1.7472041845321655,1.7026385068893433,142.57000732421875,98.91887950897217,3.1352524757385254
,,9.891445398330688,-1.5861362218856812,1.7985618114471436,118.36000061035156,99.81891250610352,2.513622522354126
,,9.981475830078125,-1.4204663038253784,1.8705042600631714,91.45999908447266,100.71881079673767,0.6876428723335266
,,10.071584939956665,-1.2440584897994995,1.9424467086791992,118.36000061035156,,
,,10.16139554977417,-1.0661166906356812,1.9904084205627441,107.60000610351562,,
,,10.25488018989563,-0.8759030699729919,2.0623509883880615,118.36000061035156,,
,,10.35150671005249,-0.6657477021217346,2.1342933177948,115.67000579833984,,
,,10.432067155838013,-0.4893398880958557,2.206235885620117,102.22000122070312,,
,,10.521392822265625,-0.28685441613197327,2.206235885620117,96.84000396728516,,
,,10.611372709274292,-0.08283496648073196,2.2302167415618896,110.29000091552734,,
,,10.701427698135376,0.12732040882110596,2.254197597503662,107.60000610351562,,
,,10.791367053985596,0.33900976181030273,2.2781782150268555,118.36000061035156,,
,,10.881587505340576,0.5476311445236206,2.302159070968628,112.9800033569336,,
,,10.971395254135132,0.7593204975128174,2.2781782150268555,134.5,,
,,11.061617374420166,0.9710098505020142,2.302159070968628,110.29000091552734,,
,,11.153442621231079,1.1857671737670898,2.302159070968628,139.8800048828125,,
,,11.251840591430664,1.4097284078598022,2.2781782150268555,139.8800048828125,,
,,11.331504106521606,1.58920419216156,2.254197597503662,137.19000244140625,,
,,11.421903371810913,1.7870876789093018,2.206235885620117,131.80999755859375,,
,,11.511337757110596,1.9788352251052856,2.1582741737365723,150.63999938964844,,
,,11.601598978042603,2.161379098892212,2.0623509883880615,134.5,,
,,11.691342115402222,2.339320659637451,1.9904084205627441,123.74000549316406,,
,,11.781295537948608,2.504990577697754,1.8705042600631714,145.260009765625,,
,,11.87163496017456,2.6568548679351807,1.7026385068893433,139.8800048828125,,
,,11.961379289627075,2.797981023788452,1.5587536096572876,115.67000579833984,,
,,12.054858446121216,2.923767566680908,1.3429261445999146,104.91000366210938,,
,,12.15149712562561,3.028078079223633,1.0791370868682861,88.77000427246094,,
,,12.231306314468384,3.0909714698791504,0.8153480291366577,96.84000396728516,,
,,12.321303606033325,3.1247189044952393,0.3597123622894287,118.36000061035156,,
,,12.411344051361084,3.1262528896331787,0.023980824276804924,10.760000228881836,,
,,12.501283407211304,3.1247189044952393,0.0,-21.520000457763672,,
,,12.591274499893188,3.106311082839966,-0.1918465942144394,-142.57000732421875,,
,,12.681469678878784,3.0648937225341797,-0.40767401456832886,-121.05000305175781,,
,,12.771302461624146,3.0127384662628174,-0.5515589714050293,-139.8800048828125,,
,,12.861573457717896,2.9513790607452393,-0.6714630722999573,-147.9499969482422,,
,,12.953279256820679,2.8731460571289062,-0.8393288254737854,-126.43000030517578,,
,,13.051305294036865,2.7765052318573,-0.9592329859733582,-121.05000305175781,,
,,13.13128399848938,2.692136287689209,-1.0311754941940308,-134.5,,
,,13.222634315490723,2.589359760284424,-1.127098798751831,-107.60000610351562,,
,,13.311219215393066,2.4789130687713623,-1.2230219841003418,-112.9800033569336,,
,,13.40122127532959,2.3607964515686035,-1.318945288658142,-112.9800033569336,,
,,13.491336584091187,2.233476161956787,-1.4148685932159424,-99.52999877929688,,
,,13.581197500228882,2.0984857082366943,-1.5107918977737427,-137.19000244140625,,
,,13.671250820159912,1.954291582107544,-1.606715202331543,-99.52999877929688,,
,,13.761291742324829,1.8024275302886963,-1.7026385068893433,-118.36000061035156,,
,,13.853187561035156,1.6413594484329224,-1.774580955505371,-145.260009765625,,
,,13.951184511184692,1.4603497982025146,-1.8705042600631714,-121.05000305175781,,
,,14.031192779541016,1.3054176568984985,-1.9424467086791992,-104.91000366210938,,
,,14.121111392974854,1.1244080066680908,-1.9904084205627441,-75.31999969482422,,
,,14.211195468902588,0.9387962818145752,-2.038370132446289,-78.01000213623047,,
,,14.301129579544067,0.748582661151886,-2.086331605911255,-78.01000213623047,,
,,14.39124059677124,0.5491651296615601,-2.1342933177948,-88.77000427246094,,
,,14.481149673461914,0.3497476279735565,-2.1822550296783447,-61.87000274658203,,
,,14.57120418548584,0.1426602154970169,-2.2302167415618896,-88.77000427246094,,
,,14.661219358444214,-0.06596117466688156,-2.254197597503662,-75.31999969482422,,
,,14.753064632415771,-0.27765053510665894,-2.254197597503662,-99.52999877929688,,
,,14.851151466369629,-0.5077476501464844,-2.3261399269104004,-69.94000244140625,,
,,14.931084394454956,-0.6948933005332947,-2.3261399269104004,-83.38999938964844,,
,,15.021076440811157,-0.9019807577133179,-2.302159070968628,-67.25,,
,,15.111141443252563,-1.1106021404266357,-2.3261399269104004,-88.77000427246094,,
,,15.201104640960693,-1.3176895380020142,-2.302159070968628,-72.6300048828125,,
,,15.29214596748352,-1.5186409950256348,-2.2781782150268555,-102.22000122070312,,
,,15.382164239883423,-1.7180585861206055,-2.2302167415618896,-80.70000457763672,,
,,15.472106695175171,-1.9128741025924683,-2.1582741737365723,-96.84000396728516,,
,,15.561275482177734,-2.100019693374634,-2.086331605911255,-115.67000579833984,,
,,15.653061389923096,-2.2856314182281494,-1.9904084205627441,-86.08000183105469,,
,,15.751078367233276,-2.4666411876678467,-1.8465235233306885,-102.22000122070312,,
,,15.832052230834961,-2.6093013286590576,-1.7506002187728882,-110.29000091552734,,
,,15.922067642211914,-2.756563663482666,-1.606715202331543,-91.45999908447266,,
,,16.01229429244995,-2.8838839530944824,-1.4148685932159424,-139.8800048828125,,
,,16.102076292037964,-2.9927966594696045,-1.1990412473678589,-137.19000244140625,,
,,16.192158937454224,-3.075631618499756,-0.911271333694458,-118.36000061035156,,
,,16.2820987701416,-3.1185829639434814,-0.5035973191261292,-137.19000244140625,,
,,16.372666120529175,-3.1262528896331787,-0.0959232971072197,-145.260009765625,,
,,16.462084770202637,-3.1262528896331787,0.0,-29.59000015258789,,
,,16.554208040237427,-3.1185829639434814,0.023980824276804924,110.29000091552734,,
,,16.651042938232422,-3.0879034996032715,0.2877698838710785,142.57000732421875,,
,,16.73262119293213,-3.0480198860168457,0.4796164929866791,150.63999938964844,,
,,16.82201075553894,-2.9897286891937256,0.6235014200210571,145.260009765625,,
,,16.912067413330078,-2.91916561126709,0.7673863768577576,134.5,,
,,17.002033472061157,-2.837864637374878,0.8872904777526855,99.52999877929688,,
,,17.09206223487854,-2.7488937377929688,0.9832137823104858,104.91000366210938,,
,,17.18209218978882,-2.6491849422454834,1.0791370868682861,131.80999755859375,,
,,17.272013425827026,-2.541806221008301,1.151079535484314,110.29000091552734,,
,,17.36239004135132,-2.4282915592193604,1.2470028400421143,112.9800033569336,,
,,17.45394492149353,-2.2994372844696045,1.3429261445999146,96.84000396728516,,
,,17.552196264266968,-2.1567771434783936,1.4388494491577148,123.74000549316406,,
,,17.631999015808105,-2.032524585723877,1.5347727537155151,115.67000579833984,,
,,17.72246503829956,-1.886796474456787,1.6306960582733154,121.05000305175781,,
,,17.811994791030884,-1.7303303480148315,1.7266193628311157,123.74000549316406,,
,,17.90195059776306,-1.5677284002304077,1.7985618114471436,129.1199951171875,,
,,17.99208950996399,-1.4005244970321655,1.8705042600631714,107.60000610351562,,
,,18.081984996795654,-1.2271846532821655,1.9424467086791992,134.5,,
,,18.172507524490356,-1.0431069135665894,2.0143892765045166,137.19000244140625,,
,,18.261953115463257,-0.8574953079223633,2.086331605911255,104.91000366210938,,
,,18.354029178619385,-0.6596117615699768,2.1342933177948,91.45999908447266,,
,,18.452163457870483,-0.44332045316696167,2.206235885620117,102.22000122070312,,
,,18.53185272216797,-0.2653786838054657,2.206235885620117,78.01000213623047,,
,,18.621894598007202,-0.058291271328926086,2.254197597503662,118.36000061035156,,
,,18.711925268173218,0.15493206679821014,2.2781782150268555,121.05000305175781,,
,,18.801891565322876,0.3666214048862457,2.302159070968628,80.70000457763672,,
,,18.891942501068115,0.5767768025398254,2.302159070968628,107.60000610351562,,
,,18.981915712356567,0.7900001406669617,2.302159070968628,131.80999755859375,,
,,19.072033882141113,1.0001554489135742,2.302159070968628,150.63999938964844,,
,,19.162036895751953,1.2103108167648315,2.302159070968628,75.31999969482422,,
,,19.253836393356323,1.4220002889633179,2.254197597503662,129.1199951171875,,
,,19.350887775421143,1.6382914781570435,2.254197597503662,121.05000305175781,,
,,19.431867599487305,1.8116313219070435,2.206235885620117,142.57000732421875,,
,,19.52185297012329,2.0003108978271484,2.1342933177948,134.5,,
,,19.611901998519897,2.182854652404785,2.038370132446289,134.5,,
,,19.701934576034546,2.356194496154785,1.9664275646209717,150.63999938964844,,
,,19.791932821273804,2.5233983993530273,1.8465235233306885,172.16000366210938,,
,,19.88186812400818,2.675262451171875,1.6786576509475708,134.5,,
,,19.971821546554565,2.8117868900299072,1.5347727537155151,126.43000030517578,,
,,20.062655448913574,2.932971239089966,1.318945288658142,107.60000610351562,,
,,20.15381669998169,3.0311460494995117,1.0791370868682861,107.60000610351562,,
,,20.252562522888184,3.1047770977020264,0.7194247245788574,102.22000122070312,,
,,20.331835746765137,3.1247189044952393,0.31175071001052856,145.260009765625,,
,,20.42178440093994,3.1262528896331787,0.0,2.690000057220459,,
,,20.511860132217407,3.1247189044952393,0.0,-24.21000099182129,,
,,20.60180974006653,3.100175142288208,-0.23980824649333954,-131.80999755859375,,
,,20.691863298416138,3.0602917671203613,-0.43165484070777893,-96.84000396728516,,
,,20.781816720962524,3.0096704959869385,-0.5275781154632568,-145.260009765625,,
,,20.87185549736023,2.9452431201934814,-0.7194247245788574,-147.9499969482422,,
,,20.961774349212646,2.8670101165771484,-0.8393288254737854,-131.80999755859375,,
,,21.055469036102295,2.7749712467193604,-0.9592329859733582,-156.02000427246094,,
,,21.151867628097534,2.6706607341766357,-1.0791370868682861,-115.67000579833984,,
,,21.23232889175415,2.577087879180908,-1.151079535484314,-126.43000030517578,,
,,21.321728944778442,2.4651072025299072,-1.2230219841003418,-107.60000610351562,,
,,21.41219401359558,2.3439226150512695,-1.3429261445999146,-123.74000549316406,,
,,21.501772165298462,2.216602325439453,-1.4148685932159424,-107.60000610351562,,
,,21.591758728027344,2.080078125,-1.5107918977737427,-142.57000732421875,,
,,21.68236517906189,1.9358837604522705,-1.606715202331543,-75.31999969482422,,
,,21.771798610687256,1.7855536937713623,-1.6786576509475708,-115.67000579833984,,
,,21.86171841621399,1.6260197162628174,-1.774580955505371,-107.60000610351562,,
,,21.95504593849182,1.4557478427886963,-1.8705042600631714,-96.84000396728516,,
,,22.051729679107666,1.2640001773834229,-1.9424467086791992,-102.22000122070312,,
,,22.13165020942688,1.1029322147369385,-2.0143892765045166,-91.45999908447266,,
,,22.221704959869385,0.9142525792121887,-2.038370132446289,-99.52999877929688,,
,,22.311734199523926,0.7240389585494995,-2.086331605911255,-51.11000061035156,,
,,22.403829336166382,0.526155412197113,-2.1342933177948,-72.6300048828125,,
,,22.49181628227234,0.3267379105091095,-2.1822550296783447,-80.70000457763672,,
,,22.58172106742859,0.11965050548315048,-2.2302167415618896,-115.67000579833984,,
,,22.6717529296875,-0.09050486981868744,-2.254197597503662,-80.70000457763672,,
,,22.761664390563965,-0.30066025257110596,-2.2781782150268555,-112.9800033569336,,
,,22.853678464889526,-0.5169515609741211,-2.3261399269104004,-88.77000427246094,,
,,22.95225739479065,-0.7439807057380676,-2.302159070968628,-56.4900016784668,,
,,23.031983137130737,-0.928058385848999,-2.3261399269104004,-78.01000213623047,,
,,23.121657371520996,-1.1351457834243774,-2.302159070968628,-86.08000183105469,,
,,23.211638927459717,-1.3406991958618164,-2.302159070968628,-86.08000183105469,,
,,23.301613330841064,-1.5447187423706055,-2.2781782150268555,-91.45999908447266,,
,,23.391754388809204,-1.7441362142562866,-2.2302167415618896,-86.08000183105469,,
,,23.48169207572937,-1.93741774559021,-2.1582741737365723,-99.52999877929688,,
,,23.57165002822876,-2.124563455581665,-2.086331605911255,-64.55999755859375,,
,,23.66164231300354,-2.304039239883423,-1.9904084205627441,-115.67000579833984,,
,,23.755085706710815,-2.4789130687713623,-1.8705042600631714,-115.67000579833984,,
,,23.85163164138794,-2.6491849422454834,-1.7266193628311157,-94.1500015258789,,
,,23.932066679000854,-2.7780392169952393,-1.5827343463897705,-118.36000061035156,,
,,24.02156114578247,-2.902291774749756,-1.3908878564834595,-126.43000030517578,,
,,24.1120548248291,-3.008136510848999,-1.151079535484314,-126.43000030517578,,
,,24.201597452163696,-3.083301544189453,-0.8633096814155579,-123.74000549316406,,
,,24.291545391082764,-3.1231849193573,-0.455635666847229,-134.5,,
,,24.382103204727173,-3.1262528896331787,-0.04796164855360985,-137.19000244140625,,
,,24.471579790115356,-3.1262528896331787,0.0,-26.900001525878906,,
,,24.56163239479065,-3.1185829639434814,0.04796164855360985,153.3300018310547,,
,,24.653719902038574,-3.0879034996032715,0.31175071001052856,164.08999633789062,,
,,24.753089666366577,-3.0342140197753906,0.5035973191261292,137.19000244140625,,
,,24.83153247833252,-2.9820587635040283,0.6235014200210571,131.80999755859375,,
,,24.921531200408936,-2.9114956855773926,0.7673863768577576,134.5,,
,,25.011566162109375,-2.828660726547241,0.911271333694458,112.9800033569336,,
,,25.101527214050293,-2.7381558418273926,0.9832137823104858,126.43000030517578,,
,,25.191852807998657,-2.6369130611419678,1.0791370868682861,131.80999755859375,,
,,25.281550407409668,-2.529534339904785,1.1750603914260864,134.5,,
,,25.371726274490356,-2.4144859313964844,1.2709836959838867,112.9800033569336,,
,,25.46144700050354,-2.2886993885040283,1.366907000541687,121.05000305175781,,
,,25.555054426193237,-2.152175188064575,1.4628303050994873,129.1199951171875,,
,,25.65197205543518,-1.997243046760559,1.5587536096572876,150.63999938964844,,
,,25.731449842453003,-1.8668546676635742,1.6306960582733154,91.45999908447266,,
,,25.821444988250732,-1.7119226455688477,1.7266193628311157,145.260009765625,,
,,25.911641836166382,-1.5477867126464844,1.822542667388916,104.91000366210938,,
,,26.00146508216858,-1.3790488243103027,1.8944851160049438,112.9800033569336,,
,,26.09151339530945,-1.2057089805603027,1.9664275646209717,88.77000427246094,,
,,26.18145227432251,-1.0246992111206055,2.0143892765045166,139.8800048828125,,
,,26.272058963775635,-0.8360195755958557,2.086331605911255,134.5,,
,,26.361531019210815,-0.6427379846572876,2.1342933177948,147.9499969482422,,
,,26.454939126968384,-0.43718454241752625,2.1822550296783447,102.22000122070312,,
,,26.551547288894653,-0.2178252786397934,2.2302167415618896,110.29000091552734,,
,,26.631683349609375,-0.03374757990241051,2.2302167415618896,104.91000366210938,,
,,26.72144603729248,0.1764077991247177,2.2781782150268555,99.52999877929688,,
,,26.81153964996338,0.38963112235069275,2.302159070968628,115.67000579833984,,
,,26.901411294937134,0.598252534866333,2.302159070968628,126.43000030517578,,
,,26.991675853729248,0.8114758729934692,2.302159070968628,102.22000122070312,,
,,27.081451416015625,1.0216312408447266,2.302159070968628,137.19000244140625,,
,,27.17182421684265,1.2333205938339233,2.302159070968628,147.9499969482422,,
,,27.265706300735474,1.4358060359954834,2.2781782150268555,131.80999755859375,,
,,27.353433847427368,1.6413594484329224,2.254197597503662,118.36000061035156,,
,,27.453309297561646,1.8530488014221191,2.1822550296783447,150.63999938964844,,
,,27.531410455703735,2.0202527046203613,2.1342933177948,156.02000427246094,,
,,27.621567010879517,2.202796459197998,2.038370132446289,118.36000061035156,,
,,27.711528778076172,2.376136302947998,1.9664275646209717,137.19000244140625,,
,,27.80139684677124,2.538738250732422,1.822542667388916,123.74000549316406,,
,,27.891390323638916,2.68906831741333,1.6786576509475708,112.9800033569336,,
,,27.98140597343445,2.8255927562713623,1.5107918977737427,99.52999877929688,,
,,28.071533203125,2.943709135055542,1.2949645519256592,126.43000030517578,,
,,28.16137933731079,3.03574800491333,1.0551562309265137,86.08000183105469,,
,,28.255877017974854,3.1047770977020264,0.7194247245788574,88.77000427246094,,
,,28.351343870162964,3.127786874771118,0.21582742035388947,142.57000732421875,,
,,28.43128490447998,3.1262528896331787,0.0,0.0,,
,,28.521504163742065,3.1247189044952393,0.0,-80.70000457763672,,
,,28.61131739616394,3.0986413955688477,-0.2637890577316284,-150.63999938964844,,
,,28.70141625404358,3.0541558265686035,-0.455635666847229,-94.1500015258789,,
,,28.79135251045227,3.0004665851593018,-0.575539767742157,-107.60000610351562,,
,,28.881388187408447,2.9360392093658447,-0.7194247245788574,-150.63999938964844,,
,,28.971288919448853,2.8562722206115723,-0.8633096814155579,-139.8800048828125,,
,,29.061418056488037,2.7688353061676025,-0.9592329859733582,-131.80999755859375,,
,,29.153602123260498,2.6691267490386963,-1.0551562309265137,-137.19000244140625,,
,,29.25138521194458,2.555612087249756,-1.1750603914260864,-134.5,,
,,29.33130931854248,2.4528353214263916,-1.2470028400421143,-121.05000305175781,,
,,29.421260833740234,2.3331849575042725,-1.3429261445999146,-115.67000579833984,,
,,29.511357307434082,2.2043304443359375,-1.4388494491577148,-110.29000091552734,,
,,29.60123038291931,2.066272258758545,-1.5107918977737427,-94.1500015258789,,
,,29.69139790534973,1.922078013420105,-1.6306960582733154,-96.84000396728516,,
,,29.781237363815308,1.7702138423919678,-1.7026385068893433,-94.1500015258789,,
,,29.871307373046875,1.6122138500213623,-1.774580955505371,-145.260009765625,,
,,29.96128487586975,1.4419419765472412,-1.8705042600631714,-94.1500015258789,,
,,30.05322241783142,1.2640001773834229,-1.9424467086791992,-102.22000122070312,,
,,30.151247262954712,1.0645827054977417,-1.9904084205627441,-104.91000366210938,,
,,30.23119282722473,0.8973788022994995,-2.038370132446289,-72.6300048828125,,
,,30.32118797302246,0.7056311964988708,-2.1103124618530273,-72.6300048828125,,
,,30.411475896835327,0.5062136650085449,-2.1582741737365723,-75.31999969482422,,
,,30.50119948387146,0.3067961633205414,-2.1822550296783447,-64.55999755859375,,
,,30.591362714767456,0.09970875084400177,-2.2302167415618896,-80.70000457763672,,
,,30.681222438812256,-0.1089126393198967,-2.254197597503662,-83.38999938964844,,
,,30.771278619766235,-0.3190680146217346,-2.2781782150268555,-112.9800033569336,,
,,30.861287355422974,-0.5307573676109314,-2.302159070968628,-88.77000427246094,,
,,30.95320987701416,-0.7424467206001282,-2.302159070968628,-110.29000091552734,,
,,31.051173210144043,-0.9679418802261353,-2.302159070968628,-104.91000366210938,,
,,31.133573532104492,-1.1581555604934692,-2.302159070968628,-80.70000457763672,,
,,31.221172332763672,-1.3606410026550293,-2.302159070968628,-94.1500015258789,,
,,31.31117558479309,-1.5631264448165894,-2.2781782150268555,-61.87000274658203,,
,,31.40116810798645,-1.7625439167022705,-2.2302167415618896,-104.91000366210938,,
,,31.49210262298584,-1.9558255672454834,-2.1582741737365723,-94.1500015258789,,
,,31.5821430683136,-2.144505262374878,-2.086331605911255,-75.31999969482422,,
,,31.672195434570312,-2.3239810466766357,-1.9664275646209717,-112.9800033569336,,
,,31.761229276657104,-2.4896509647369385,-1.8465235233306885,-118.36000061035156,,
,,31.853086948394775,-2.650718927383423,-1.7266193628311157,-115.67000579833984,,
,,31.95114803314209,-2.8025829792022705,-1.5347727537155151,-104.91000366210938,,
,,32.03111553192139,-2.913029670715332,-1.3908878564834595,-129.1199951171875,,
,,32.12109971046448,-3.0173401832580566,-1.151079535484314,-121.05000305175781,,
,,32.21112370491028,-3.0909714698791504,-0.8393288254737854,-112.9800033569336,,
,,32.3021674156189,-3.1247189044952393,-0.3836931884288788,-139.8800048828125,,
,,32.39107418060303,-3.1262528896331787,-0.023980824276804924,-104.91000366210938,,
,,32.48227524757385,-3.1262528896331787,0.0,-37.65999984741211,,
,,32.57209491729736,-3.117048978805542,0.07194247096776962,121.05000305175781,,
,,32.662132263183594,-3.083301544189453,0.33573153614997864,134.5,,
,,32.75556564331055,-3.0342140197753906,0.5035973191261292,123.74000549316406,,
,,32.85217523574829,-2.9651849269866943,0.6714630722999573,137.19000244140625,,
,,32.93209171295166,-2.902291774749756,0.7673863768577576,139.8800048828125,,
,,33.02205157279968,-2.8194568157196045,0.911271333694458,134.5,,
,,33.112099170684814,-2.7274179458618164,1.0071946382522583,121.05000305175781,,
,,33.202033281326294,-2.627709150314331,1.0791370868682861,123.74000549316406,,
,,33.292240142822266,-2.518796443939209,1.1990412473678589,112.9800033569336,,
,,33.38221979141235,-2.4022140502929688,1.2709836959838867,126.43000030517578,,
,,33.47199463844299,-2.2764275074005127,1.366907000541687,107.60000610351562,,
,,33.56361365318298,-2.141437292098999,1.4868111610412598,99.52999877929688,,
,,33.653021574020386,-1.9957090616226196,1.5827343463897705,153.3300018310547,,
,,33.75266075134277,-1.8315731287002563,1.654676914215088,123.74000549316406,,
,,33.832260847091675,-1.6935148239135742,1.7266193628311157,118.36000061035156,,
,,33.9220507144928,-1.5278449058532715,1.822542667388916,107.60000610351562,,
,,34.01205587387085,-1.3591070175170898,1.8944851160049438,96.84000396728516,,
,,34.1020188331604,-1.1842331886291504,1.9664275646209717,126.43000030517578,,
,,34.19221067428589,-1.0032234191894531,2.0143892765045166,118.36000061035156,,
,,34.281980752944946,-0.8145438432693481,2.086331605911255,94.1500015258789,,
,,34.37219572067261,-0.62126225233078,2.1342933177948,121.05000305175781,,
,,34.46214485168457,-0.4218447208404541,2.1822550296783447,94.1500015258789,,
,,34.55546760559082,-0.21322333812713623,2.206235885620117,107.60000610351562,,
,,34.65214157104492,0.012271846644580364,2.254197597503662,131.80999755859375,,
,,34.73192501068115,0.19941750168800354,2.302159070968628,131.80999755859375,,
,,34.82199048995972,0.4111068546772003,2.302159070968628,99.52999877929688,,
,,34.91197872161865,0.6227962374687195,2.302159070968628,107.60000610351562,,
,,35.002028703689575,0.8344855904579163,2.302159070968628,147.9499969482422,,
,,35.09197545051575,1.0446408987045288,2.302159070968628,123.74000549316406,,
,,35.18254351615906,1.2547962665557861,2.302159070968628,137.19000244140625,,
,,35.27193212509155,1.4588158130645752,2.2781782150268555,131.80999755859375,,
,,35.36241674423218,1.6582332849502563,2.254197597503662,142.57000732421875,,
,,35.45296883583069,1.8530488014221191,2.1822550296783447,147.9499969482422,,
,,35.55296611785889,2.063204288482666,2.1103124618530273,131.80999755859375,,
,,35.63186764717102,2.2212042808532715,2.0143892765045166,150.63999938964844,,
,,35.72192049026489,2.3945441246032715,1.9424467086791992,104.91000366210938,,
,,35.81183052062988,2.5571460723876953,1.822542667388916,115.67000579833984,,
,,35.90189218521118,2.705942153930664,1.654676914215088,142.57000732421875,,
,,35.99193334579468,2.8393986225128174,1.4868111610412598,112.9800033569336,,
,,36.082080364227295,2.954447031021118,1.2709836959838867,110.29000091552734,,
,,36.17185688018799,3.0434179306030273,1.0311754941940308,88.77000427246094,,
,,36.262309551239014,3.1078450679779053,0.6954439282417297,86.08000183105469,,
,,36.35404872894287,3.1262528896331787,0.1918465942144394,147.9499969482422,,
,,36.45287847518921,3.1247189044952393,0.0,-2.690000057220459,,
,,36.531816482543945,3.1231849193573,-0.023980824276804924,-134.5,,
,,36.62201380729675,3.0940394401550293,-0.2877698838710785,-145.260009765625,,
,,36.711875677108765,3.049553871154785,-0.455635666847229,-129.1199951171875,,
,,36.80192756652832,2.994330644607544,-0.5995206236839294,-112.9800033569336,,
,,36.89184856414795,2.926835536956787,-0.7434055805206299,-134.5,,
,,36.981979846954346,2.8470683097839355,-0.8633096814155579,-147.9499969482422,,
,,37.07187485694885,2.756563663482666,-0.9832137823104858,-131.80999755859375,,
,,37.16170859336853,2.6599228382110596,-1.0791370868682861,-139.8800048828125,,
,,37.25381064414978,2.5510101318359375,-1.1750603914260864,-139.8800048828125,,
,,37.35176873207092,2.4252235889434814,-1.2470028400421143,-150.63999938964844,,
,,37.431838035583496,2.317845106124878,-1.3429261445999146,-115.67000579833984,,
,,37.521748304367065,2.1905245780944824,-1.4388494491577148,-96.84000396728516,,
,,37.61185574531555,2.0509324073791504,-1.5347727537155151,-112.9800033569336,,
,,37.70181679725647,1.905204176902771,-1.6306960582733154,-88.77000427246094,,
,,37.7919065952301,1.7518061399459839,-1.7026385068893433,-94.1500015258789,,
,,37.88175392150879,1.5922720432281494,-1.7985618114471436,-107.60000610351562,,
,,37.97178244590759,1.4235341548919678,-1.8944851160049438,-110.29000091552734,,
,,38.06191110610962,1.2471264600753784,-1.9424467086791992,-99.52999877929688,,
,,38.153727769851685,1.0599807500839233,-1.9904084205627441,-129.1199951171875,,
,,38.25218081474304,0.8528933525085449,-2.0623509883880615,-83.38999938964844,,
,,38.3317666053772,0.6810874938964844,-2.1103124618530273,-86.08000183105469,,
,,38.42241096496582,0.48166999220848083,-2.1582741737365723,-59.18000030517578,,
,,38.51170516014099,0.28071850538253784,-2.206235885620117,-64.55999755859375,,
,,38.601715087890625,0.06902913749217987,-2.254197597503662,-48.42000198364258,,
,,38.691728830337524,-0.13805827498435974,-2.2781782150268555,-102.22000122070312,,
,,38.781803607940674,-0.34821364283561707,-2.2781782150268555,-94.1500015258789,,
,,38.87233304977417,-0.5614370107650757,-2.3261399269104004,-102.22000122070312,,
,,38.96169090270996,-0.7700583934783936,-2.302159070968628,-78.01000213623047,,
,,39.0537371635437,-0.9802137613296509,-2.302159070968628,-91.45999908447266,,
,,39.151684522628784,-1.2057089805603027,-2.302159070968628,-83.38999938964844,,
,,39.23166251182556,-1.3867186307907104,-2.3261399269104004,-78.01000213623047,,
,,39.32175922393799,-1.58920419216156,-2.2781782150268555,-61.87000274658203,,
,,39.4117648601532,-1.7870876789093018,-2.206235885620117,-88.77000427246094,,
,,39.50170636177063,-1.980369210243225,-2.1342933177948,-83.38999938964844,,
,,39.591718673706055,-2.165980815887451,-2.0623509883880615,-110.29000091552734,,
,,39.68228268623352,-2.345456600189209,-1.9424467086791992,-131.80999755859375,,
,,39.77168107032776,-2.5111265182495117,-1.8465235233306885,-118.36000061035156,,
,,39.8616464138031,-2.6660587787628174,-1.7266193628311157,-104.91000366210938,,
,,39.95519399642944,-2.8087189197540283,-1.5347727537155151,-94.1500015258789,,
,,40.05161213874817,-2.937573194503784,-1.318945288658142,-131.80999755859375,,
,,40.13159728050232,-3.0265440940856934,-1.1031179428100586,-139.8800048828125,,
,,40.221636056900024,-3.097107410430908,-0.7913671731948853,-126.43000030517578,,
,,40.31162714958191,-3.1247189044952393,-0.33573153614997864,-112.9800033569336,,
,,40.40162181854248,-3.1262528896331787,-0.023980824276804924,-72.6300048828125,,
,,40.49212384223938,-3.1262528896331787,0.0,10.760000228881836,,
,,40.581663370132446,-3.113981008529663,0.11990412324666977,102.22000122070312,,
,,40.672462701797485,-3.0786995887756348,0.3597123622894287,126.43000030517578,,
,,40.76159453392029,-3.0296120643615723,0.5275781154632568,139.8800048828125,,
,,40.85490083694458,-2.9651849269866943,0.6714630722999573,123.74000549316406,,
,,40.95164346694946,-2.8838839530944824,0.8153480291366577,94.1500015258789,,
,,41.03157615661621,-2.8087189197540283,0.911271333694458,123.74000549316406,,
,,41.12154412269592,-2.7166800498962402,1.0071946382522583,126.43000030517578,,
,,41.211695432662964,-2.6154372692108154,1.0791370868682861,145.260009765625,,
,,41.30161714553833,-2.5065245628356934,1.1990412473678589,96.84000396728516,,
,,41.391606092453,-2.3884081840515137,1.2949645519256592,158.7100067138672,,
,,41.482141971588135,-2.2595536708831787,1.3908878564834595,134.5,,
,,41.57151794433594,-2.124563455581665,1.4868111610412598,115.67000579833984,,
,,41.66171622276306,-1.9819031953811646,1.5587536096572876,115.67000579833984,,
,,41.753540992736816,-1.830039143562317,1.654676914215088,142.57000732421875,,
,,41.85154438018799,-1.656699299812317,1.7506002187728882,104.91000366210938,,
,,41.93196249008179,-1.512505054473877,1.822542667388916,129.1199951171875,,
,,42.02153277397156,-1.3406991958618164,1.9184659719467163,121.05000305175781,,
,,42.11185026168823,-1.164291501045227,1.9664275646209717,126.43000030517578,,
,,42.201537132263184,-0.9817477464675903,2.038370132446289,96.84000396728516,,
,,42.29155135154724,-0.79460209608078,2.086331605911255,121.05000305175781,,
,,42.38201975822449,-0.598252534866333,2.1582741737365723,123.74000549316406,,
,,42.47149610519409,-0.39730104804039,2.206235885620117,99.52999877929688,,
,,42.561516761779785,-0.19634954631328583,2.206235885620117,131.80999755859375,,
,,42.65372180938721,0.016873789951205254,2.254197597503662,112.9800033569336,,
,,42.751590728759766,0.2485048919916153,2.2781782150268555,110.29000091552734,,
,,42.83159279823303,0.43718454241752625,2.302159070968628,72.6300048828125,,
,,42.921470642089844,0.6458059549331665,2.302159070968628,118.36000061035156,,
,,43.01204562187195,0.8590292930603027,2.302159070968628,131.80999755859375,,
,,43.10164761543274,1.06918466091156,2.302159070968628,121.05000305175781,,
,,43.19159555435181,1.2793400287628174,2.302159070968628,142.57000732421875,,
,,43.28155827522278,1.483359456062317,2.2781782150268555,129.1199951171875,,
,,43.3714714050293,1.682776927947998,2.254197597503662,153.3300018310547,,
,,43.46173977851868,1.8745245933532715,2.1822550296783447,129.1199951171875,,
,,43.554468631744385,2.0678062438964844,2.1103124618530273,112.9800033569336,,
,,43.651419162750244,2.261087656021118,1.9904084205627441,112.9800033569336,,
,,43.73153734207153,2.412951946258545,1.9184659719467163,96.84000396728516,,
,,43.82161569595337,2.5740199089050293,1.7985618114471436,115.67000579833984,,
,,43.91141748428345,2.719748020172119,1.6306960582733154,156.02000427246094,,
,,44.001391887664795,2.8532042503356934,1.4868111610412598,126.43000030517578,,
,,44.09149217605591,2.966718912124634,1.2470028400421143,94.1500015258789,,
,,44.181384801864624,3.0541558265686035,1.0071946382522583,94.1500015258789,,
,,44.27163219451904,3.1124470233917236,0.6474822759628296,64.55999755859375,,
,,44.361485719680786,3.1262528896331787,0.14388494193553925,126.43000030517578,,
,,44.453338623046875,3.1262528896331787,0.0,0.0,,
,,44.55136442184448,3.1185829639434814,-0.04796164855360985,-164.08999633789062,,
,,44.63195204734802,3.0879034996032715,-0.31175071001052856,-172.16000366210938,,
,,44.721728563308716,3.0434179306030273,-0.5035973191261292,-126.43000030517578,,
,,44.8113431930542,2.988194704055786,-0.6235014200210571,-142.57000732421875,,
,,44.90133213996887,2.91916561126709,-0.7434055805206299,-129.1199951171875,,
,,44.991424560546875,2.8363306522369385,-0.8872904777526855,-150.63999938964844,,
,,45.08164858818054,2.7473597526550293,-0.9832137823104858,-139.8800048828125,,
,,45.17138719558716,2.647650957107544,-1.0791370868682861,-147.9499969482422,,
,,45.26135611534119,2.541806221008301,-1.1750603914260864,-156.02000427246094,,
,,45.35330271720886,2.423689603805542,-1.2709836959838867,-129.1199951171875,,
,,45.45127487182617,2.2917673587799072,-1.366907000541687,-134.5,,
,,45.53136873245239,2.1736507415771484,-1.4628303050994873,-78.01000213623047,,
,,45.621302127838135,2.035592555999756,-1.5347727537155151,-110.29000091552734,,
,,45.71133589744568,1.886796474456787,-1.654676914215088,-102.22000122070312,,
,,45.801270961761475,1.7333983182907104,-1.7266193628311157,-78.01000213623047,,
,,45.891329288482666,1.5738643407821655,-1.7985618114471436,-80.70000457763672,,
,,45.981342792510986,1.4035924673080444,-1.8705042600631714,-99.52999877929688,,
,,46.07127356529236,1.228718638420105,-1.9424467086791992,-118.36000061035156,,
,,46.16130876541138,1.0446408987045288,-1.9904084205627441,-102.22000122070312,,
,,46.253270626068115,0.849825382232666,-2.0623509883880615,-96.84000396728516,,
,,46.35127329826355,0.6381360292434692,-2.1342933177948,-110.29000091552734,,
,,46.43131232261658,0.46019425988197327,-2.1582741737365723,-69.94000244140625,,
,,46.52127456665039,0.2577087879180908,-2.206235885620117,-80.70000457763672,,
,,46.61123013496399,0.05062136799097061,-2.2302167415618896,-53.80000305175781,,
,,46.701303243637085,-0.15800002217292786,-2.254197597503662,-72.6300048828125,,
,,46.791279315948486,-0.3666214048862457,-2.2781782150268555,-78.01000213623047,,
,,46.881287813186646,-0.5783107876777649,-2.3261399269104004,-110.29000091552734,,
,,46.97125458717346,-0.7869321703910828,-2.302159070968628,-94.1500015258789,,
,,47.061323165893555,-0.9955535531044006,-2.3261399269104004,-107.60000610351562,,
,,47.15822219848633,-1.2195147275924683,-2.3261399269104004,-110.29000091552734,,
,,47.2512309551239,-1.4296700954437256,-2.302159070968628,-99.52999877929688,,
,,47.33121085166931,-1.6091458797454834,-2.254197597503662,-86.08000183105469,,
,,47.42118787765503,-1.8054953813552856,-2.206235885620117,-102.22000122070312,,
,,47.51120209693909,-1.997243046760559,-2.1342933177948,-86.08000183105469,,
,,47.601234436035156,-2.182854652404785,-2.0623509883880615,-118.36000061035156,,
,,47.69119429588318,-2.359262466430664,-1.9424467086791992,-115.67000579833984,,
,,47.7811975479126,-2.5233983993530273,-1.822542667388916,-88.77000427246094,,
,,47.8713116645813,-2.6767964363098145,-1.6786576509475708,-112.9800033569336,,
,,47.961294412612915,-2.814854860305786,-1.5347727537155151,-115.67000579833984,,
,,48.053126096725464,-2.937573194503784,-1.3429261445999146,-150.63999938964844,,
,,48.151164531707764,-3.0434179306030273,-1.0551562309265137,-131.80999755859375,,
,,48.23112225532532,-3.1017091274261475,-0.7434055805206299,-110.29000091552734,,
,,48.32113456726074,-3.1262528896331787,-0.2877698838710785,-142.57000732421875,,
,,48.41271686553955,-3.127786874771118,0.0,-94.1500015258789,,
,,48.502132177352905,-3.1262528896331787,0.0,37.65999984741211,,
,,48.59213089942932,-3.110913038253784,0.16786576807498932,115.67000579833984,,
,,48.68230152130127,-3.0740976333618164,0.3836931884288788,129.1199951171875,,
,,48.77210187911987,-3.0234761238098145,0.5275781154632568,123.74000549316406,,
,,48.86114478111267,-2.9590489864349365,0.6714630722999573,131.80999755859375,,
,,48.95319175720215,-2.882349967956543,0.8153480291366577,107.60000610351562,,
,,49.05139231681824,-2.790311098098755,0.9352521300315857,123.74000549316406,,
,,49.131239891052246,-2.705942153930664,1.0071946382522583,102.22000122070312,,
,,49.22212219238281,-2.6046993732452393,1.1031179428100586,131.80999755859375,,
,,49.31208372116089,-2.4927189350128174,1.2230219841003418,137.19000244140625,,
,,49.40213894844055,-2.3746023178100586,1.2949645519256592,110.29000091552734,,
,,49.4924693107605,-2.2457480430603027,1.3908878564834595,129.1199951171875,,
,,49.5810432434082,-2.1092236042022705,1.5107918977737427,115.67000579833984,,
,,49.67232298851013,-1.9665634632110596,1.5827343463897705,88.77000427246094,,
,,49.76216912269592,-1.8162332773208618,1.6786576509475708,123.74000549316406,,
,,49.8530330657959,-1.6551653146743774,1.7506002187728882,94.1500015258789,,
,,49.95228576660156,-1.4726215600967407,1.8465235233306885,134.5,,
,,50.0322585105896,-1.3222914934158325,1.9184659719467163,123.74000549316406,,
,,50.1220600605011,-1.1458836793899536,1.9664275646209717,115.67000579833984,,
,,50.21253299713135,-0.9602720141410828,2.038370132446289,121.05000305175781,,
,,50.30200505256653,-0.771592378616333,2.1103124618530273,121.05000305175781,,
,,50.392009258270264,-0.5767768025398254,2.1582741737365723,118.36000061035156,,
,,50.48213195800781,-0.374291330575943,2.206235885620117,115.67000579833984,,
,,50.57205677032471,-0.1702718734741211,2.2302167415618896,107.60000610351562,,
,,50.662017822265625,0.03681553900241852,2.254197597503662,107.60000610351562,,
,,50.753018379211426,0.251572847366333,2.254197597503662,126.43000030517578,,
,,50.852417945861816,0.4862719178199768,2.302159070968628,129.1199951171875,,
,,50.931997537612915,0.6703495979309082,2.302159070968628,107.60000610351562,,
,,51.022587060928345,0.8805050253868103,2.302159070968628,137.19000244140625,,
,,51.11198353767395,1.0921943187713623,2.302159070968628,121.05000305175781,,
,,51.20201921463013,1.3008157014846802,2.302159070968628,110.29000091552734,,
,,51.2921667098999,1.5048352479934692,2.2781782150268555,96.84000396728516,,
,,51.38195443153381,1.702718734741211,2.2302167415618896,166.77999877929688,,
,,51.47257447242737,1.8929322957992554,2.1582741737365723,139.8800048828125,,
,,51.56195425987244,2.080078125,2.086331605911255,150.63999938964844,,
,,51.65534329414368,2.267223596572876,2.0143892765045166,131.80999755859375,,
,,51.75101947784424,2.4482333660125732,1.9184659719467163,118.36000061035156,,
,,51.83276438713074,2.590893507003784,1.774580955505371,112.9800033569336,,
,,51.921924352645874,2.736621856689453,1.6306960582733154,131.80999755859375,,
,,52.01230478286743,2.8670101165771484,1.4628303050994873,115.67000579833984,,
,,52.102001428604126,2.9789907932281494,1.2230219841003418,123.74000549316406,,
,,52.19208383560181,3.061825752258301,0.9592329859733582,102.22000122070312,,
,,52.28260588645935,3.1155149936676025,0.5995206236839294,75.31999969482422,,
,,52.37191677093506,3.1262528896331787,0.11990412324666977,118.36000061035156,,
,,52.462136030197144,3.1247189044952393,0.0,0.0,,
,,52.55385994911194,3.117048978805542,-0.04796164855360985,-177.54000854492188,,
,,52.65201544761658,3.080233573913574,-0.33573153614997864,-142.57000732421875,,
,,52.73190641403198,3.0372819900512695,-0.5035973191261292,-134.5,,
,,52.821855783462524,2.980524778366089,-0.6235014200210571,-166.77999877929688,,
,,52.911887884140015,2.909961700439453,-0.7673863768577576,-126.43000030517578,,
,,53.00200271606445,2.8271267414093018,-0.911271333694458,-134.5,,
,,53.09184527397156,2.7350878715515137,-0.9832137823104858,-118.36000061035156,,
,,53.182501554489136,2.6369130611419678,-1.0791370868682861,-139.8800048828125,,
,,53.2718780040741,2.529534339904785,-1.1990412473678589,-121.05000305175781,,
,,53.36226010322571,2.412951946258545,-1.2709836959838867,-121.05000305175781,,
,,53.45393681526184,2.287165403366089,-1.366907000541687,-139.8800048828125,,
,,53.55185866355896,2.1429712772369385,-1.4868111610412598,-131.80999755859375,,
,,53.63193941116333,2.0202527046203613,-1.5587536096572876,-112.9800033569336,,
,,53.721851110458374,1.8699226379394531,-1.654676914215088,-137.19000244140625,,
,,53.81203007698059,1.716524600982666,-1.7266193628311157,-80.70000457763672,,
,,53.901824712753296,1.5539225339889526,-1.7985618114471436,-91.45999908447266,,
,,53.992003202438354,1.382116675376892,-1.8944851160049438,-96.84000396728516,,
,,54.08184266090393,1.2041749954223633,-1.9664275646209717,-123.74000549316406,,
,,54.17179036140442,1.020097255706787,-2.0143892765045166,-99.52999877929688,,
,,54.26201844215393,0.8298836350440979,-2.0623509883880615,-86.08000183105469,,
,,54.353837728500366,0.6320000886917114,-2.1103124618530273,-121.05000305175781,,
,,54.45178270339966,0.41264083981513977,-2.1822550296783447,-86.08000183105469,,
,,54.53177618980408,0.2346990704536438,-2.206235885620117,-75.31999969482422,,
,,54.62188935279846,0.02761165425181389,-2.254197597503662,-64.55999755859375,,
,,54.71181130409241,-0.18254372477531433,-2.254197597503662,-75.31999969482422,,
,,54.80176663398743,-0.39269909262657166,-2.2781782150268555,-64.55999755859375,,
,,54.89176917076111,-0.6028544902801514,-2.3261399269104004,-75.31999969482422,,
,,54.98174333572388,-0.8114758729934692,-2.302159070968628,-112.9800033569336,,
,,55.07196760177612,-1.020097255706787,-2.3261399269104004,-99.52999877929688,,
,,55.161864042282104,-1.2271846532821655,-2.3261399269104004,-102.22000122070312,,
,,55.253806829452515,-1.4373400211334229,-2.302159070968628,-115.67000579833984,,
,,55.3540244102478,-1.6551653146743774,-2.254197597503662,-78.01000213623047,,
,,55.431718587875366,-1.830039143562317,-2.206235885620117,-99.52999877929688,,
,,55.52173662185669,-2.021786689758301,-2.1342933177948,-96.84000396728516,,
,,55.61172032356262,-2.2043304443359375,-2.038370132446289,-83.38999938964844,,
,,55.7018346786499,-2.3807382583618164,-1.9424467086791992,-104.91000366210938,,
,,55.791767835617065,-2.5433402061462402,-1.822542667388916,-75.31999969482422,,
,,55.88197326660156,-2.695204257965088,-1.6786576509475708,-131.80999755859375,,
,,55.9719021320343,-2.83172869682312,-1.5107918977737427,-142.57000732421875,,
,,56.062143325805664,-2.9498450756073,-1.2949645519256592,-139.8800048828125,,
,,56.1537446975708,-3.0480198860168457,-1.0551562309265137,-131.80999755859375,,
,,56.252291202545166,-3.1124470233917236,-0.6474822759628296,-88.77000427246094,,
,,56.33167219161987,-3.1262528896331787,-0.21582742035388947,-158.7100067138672,,
,,56.42164874076843,-3.1262528896331787,0.0,-94.1500015258789,,
,,56.51171350479126,-3.1247189044952393,0.0,34.970001220703125,,
,,56.60171341896057,-3.1078450679779053,0.1918465942144394,129.1199951171875,,
,,56.69232892990112,-3.0679616928100586,0.43165484070777893,115.67000579833984,,
,,56.781654596328735,-3.015806198120117,0.5515589714050293,110.29000091552734,,
,,56.8716082572937,-2.9513790607452393,0.6954439282417297,123.74000549316406,,
,,56.96231245994568,-2.876214027404785,0.8153480291366577,112.9800033569336,,
,,57.0536253452301,-2.787243127822876,0.9592329859733582,129.1199951171875,,
,,57.15214228630066,-2.681398391723633,1.0551562309265137,126.43000030517578,,
,,57.23163914680481,-2.590893507003784,1.1031179428100586,112.9800033569336,,
,,57.32163739204407,-2.4789130687713623,1.2230219841003418,107.60000610351562,,
,,57.41194534301758,-2.3607964515686035,1.2949645519256592,139.8800048828125,,
,,57.50155282020569,-2.2319421768188477,1.3908878564834595,126.43000030517578,,
,,57.59160566329956,-2.0954177379608154,1.5107918977737427,115.67000579833984,,
,,57.68212866783142,-1.951223611831665,1.5827343463897705,112.9800033569336,,
,,57.771612882614136,-1.8008935451507568,1.6786576509475708,150.63999938964844,,
,,57.8622567653656,-1.639825463294983,1.7506002187728882,121.05000305175781,,
,,57.953593730926514,-1.4695535898208618,1.8705042600631714,99.52999877929688,,
,,58.05180549621582,-1.2824079990386963,1.9184659719467163,110.29000091552734,,
,,58.13167428970337,-1.1259418725967407,1.9664275646209717,96.84000396728516,,
,,58.22209548950195,-0.9418642520904541,2.0623509883880615,104.91000366210938,,
,,58.31161427497864,-0.7516506314277649,2.1103124618530273,129.1199951171875,,
,,58.40150284767151,-0.5553010702133179,2.1582741737365723,126.43000030517578,,
,,58.49182391166687,-0.3528155982494354,2.206235885620117,115.67000579833984,,
,,58.58154106140137,-0.14879614114761353,2.2302167415618896,115.67000579833984,,
,,58.67151427268982,0.058291271328926086,2.254197597503662,118.36000061035156,,
,,58.76172876358032,0.2684466540813446,2.2781782150268555,110.29000091552734,,
,,58.853593826293945,0.48780590295791626,2.302159070968628,110.29000091552734,,
,,58.95306444168091,0.7179030179977417,2.2781782150268555,121.05000305175781,,
,,59.031745195388794,0.9004467725753784,2.302159070968628,126.43000030517578,,
,,59.121498346328735,1.1136701107025146,2.302159070968628,126.43000030517578,,
,,59.21152377128601,1.3222914934158325,2.302159070968628,131.80999755859375,,
,,59.30153751373291,1.5247769355773926,2.2781782150268555,112.9800033569336,,
,,59.39309215545654,1.7226604223251343,2.2302167415618896,134.5,,
,,59.483200788497925,1.9159420728683472,2.1822550296783447,104.91000366210938,,
,,59.57163715362549,2.1015536785125732,2.086331605911255,131.80999755859375,,
,,59.66150903701782,2.281029462814331,2.0143892765045166,107.60000610351562,,
,,59.75370001792908,2.4528353214263916,1.8944851160049438,134.5,,
,,59.85145664215088,2.6231071949005127,1.7506002187728882,123.74000549316406,,
,,59.93184208869934,2.7519617080688477,1.606715202331543,104.91000366210938,,
,,60.02154302597046,2.8808159828186035,1.4388494491577148,112.9800033569336,,
,,60.11137652397156,2.9866607189178467,1.1990412473678589,121.05000305175781,,
,,60.20166635513306,3.0679616928100586,0.9352521300315857,96.84000396728516,,
,,60.291433334350586,3.1185829639434814,0.5515589714050293,107.60000610351562,,
,,60.3819522857666,3.1262528896331787,0.0959232971072197,110.29000091552734,,
,,60.47141456604004,3.1247189044952393,0.0,-13.450000762939453,,
,,60.5616729259491,3.1155149936676025,-0.07194247096776962,-142.57000732421875,,
,,60.65338730812073,3.0786995887756348,-0.33573153614997864,-142.57000732421875,,
,,60.75140309333801,3.0265440940856934,-0.5035973191261292,-147.9499969482422,,
,,60.83140277862549,2.974388837814331,-0.6474822759628296,-153.3300018310547,,
,,60.92145800590515,2.902291774749756,-0.7913671731948853,-123.74000549316406,,
,,61.011422634124756,2.8163888454437256,-0.911271333694458,-126.43000030517578,,
,,61.10140657424927,2.725883960723877,-1.0071946382522583,-126.43000030517578,,
,,61.19146370887756,2.624641180038452,-1.1031179428100586,-137.19000244140625,,
,,61.28144812583923,2.5172624588012695,-1.1990412473678589,-137.19000244140625,,
,,61.37138366699219,2.4006800651550293,-1.2949645519256592,-102.22000122070312,,
,,61.461358308792114,2.277961492538452,-1.3908878564834595,-131.80999755859375,,
,,61.55341362953186,2.141437292098999,-1.4868111610412598,-123.74000549316406,,
,,61.65130066871643,1.9880391359329224,-1.5827343463897705,-99.52999877929688,,
,,61.731547832489014,1.8545827865600586,-1.6786576509475708,-99.52999877929688,,
,,61.821327209472656,1.699650764465332,-1.7506002187728882,-78.01000213623047,,
,,61.91142535209656,1.5355148315429688,-1.822542667388916,-94.1500015258789,,
,,62.0015344619751,1.3652429580688477,-1.8944851160049438,-80.70000457763672,,
,,62.09136700630188,1.1857671737670898,-1.9664275646209717,-78.01000213623047,,
,,62.18136382102966,1.0016894340515137,-2.0143892765045166,-104.91000366210938,,
,,62.271323919296265,0.8130098581314087,-2.0623509883880615,-91.45999908447266,,
,,62.36142611503601,0.6166602969169617,-2.1342933177948,-72.6300048828125,,
,,62.45323872566223,0.41264083981513977,-2.1582741737365723,-75.31999969482422,,
,,62.55132055282593,0.19174760580062866,-2.206235885620117,-64.55999755859375,,
,,62.63131833076477,0.004601942375302315,-2.254197597503662,-69.94000244140625,,
,,62.721288442611694,-0.20248547196388245,-2.254197597503662,-83.38999938964844,,
,,62.8112313747406,-0.4141748249530792,-2.302159070968628,-61.87000274658203,,
,,62.90130972862244,-0.6243302226066589,-2.302159070968628,-86.08000183105469,,
,,62.99134922027588,-0.8314176201820374,-2.302159070968628,-86.08000183105469,,
,,63.08129835128784,-1.0385050773620605,-2.302159070968628,-91.45999908447266,,
,,63.171268939971924,-1.2440584897994995,-2.302159070968628,-110.29000091552734,,
,,63.26130223274231,-1.448077917098999,-2.302159070968628,-69.94000244140625,,
,,63.35337781906128,-1.653631329536438,-2.254197597503662,-64.55999755859375,,
,,63.451289892196655,-1.8683886528015137,-2.1822550296783447,-83.38999938964844,,
,,63.53126406669617,-2.0371265411376953,-2.1342933177948,-80.70000457763672,,
,,63.62242078781128,-2.2212042808532715,-2.0143892765045166,-99.52999877929688,,
,,63.711259603500366,-2.3976120948791504,-1.9424467086791992,-75.31999969482422,,
,,63.801448583602905,-2.5586800575256348,-1.7985618114471436,-61.87000274658203,,
,,63.89285445213318,-2.709010124206543,-1.654676914215088,-115.67000579833984,,
,,63.98123550415039,-2.8440005779266357,-1.4868111610412598,-112.9800033569336,,
,,64.07120060920715,-2.9590489864349365,-1.2949645519256592,-142.57000732421875,,
,,64.16123557090759,-3.052621841430664,-1.0311754941940308,-142.57000732421875,,
,,64.25321650505066,-3.1124470233917236,-0.6474822759628296,-83.38999938964844,,
,,64.35123610496521,-3.127786874771118,-0.14388494193553925,-158.7100067138672,,
,,64.43125319480896,-3.1262528896331787,0.0,-48.42000198364258,,
,,64.52120089530945,-3.1262528896331787,0.0,40.35000228881836,,
,,64.61114716529846,-3.1047770977020264,0.21582742035388947,156.02000427246094,,
,,64.70121502876282,-3.0648937225341797,0.455635666847229,150.63999938964844,,
,,64.79119062423706,-3.0096704959869385,0.575539767742157,131.80999755859375,,
,,64.88115930557251,-2.943709135055542,0.6954439282417297,137.19000244140625,,
,,64.97121834754944,-2.865476131439209,0.8393288254737854,118.36000061035156,,
,,65.06125950813293,-2.7795732021331787,0.9352521300315857,129.1199951171875,,
,,65.15602493286133,-2.6798644065856934,1.0551562309265137,145.260009765625,,
,,65.25228905677795,-2.5648159980773926,1.151079535484314,129.1199951171875,,
,,65.33123755455017,-2.4666411876678467,1.2230219841003418,123.74000549316406,,
,,65.42110633850098,-2.3469905853271484,1.2949645519256592,99.52999877929688,,
,,65.5120849609375,-2.216602325439453,1.4148685932159424,139.8800048828125,,
,,65.60117030143738,-2.0785441398620605,1.5107918977737427,129.1199951171875,,
,,65.69127798080444,-1.934349775314331,1.5827343463897705,99.52999877929688,,
,,65.78237652778625,-1.7824857234954834,1.6786576509475708,104.91000366210938,,
,,65.87212061882019,-1.621417760848999,1.774580955505371,115.67000579833984,,
,,65.96254014968872,-1.4557478427886963,1.8705042600631714,115.67000579833984,,
,,66.05323696136475,-1.2793400287628174,1.9424467086791992,121.05000305175781,,
,,66.15116024017334,-1.0829904079437256,1.9904084205627441,126.43000030517578,,
,,66.23213529586792,-0.9203885197639465,2.0623509883880615,139.8800048828125,,
,,66.32226920127869,-0.7286409139633179,2.1103124618530273,115.67000579833984,,
,,66.41211485862732,-0.5322913527488708,2.1822550296783447,75.31999969482422,,
,,66.50207281112671,-0.3298058807849884,2.206235885620117,134.5,,
,,66.5920922756195,-0.1257864236831665,2.2302167415618896,88.77000427246094,,
,,66.68219470977783,0.08436894416809082,2.254197597503662,131.80999755859375,,
,,66.77203941345215,0.2960582971572876,2.2781782150268555,112.9800033569336,,
,,66.86238026618958,0.5077476501464844,2.3261399269104004,99.52999877929688,,
,,66.95301604270935,0.7225049734115601,2.302159070968628,142.57000732421875,,
,,67.05256295204163,0.9572040438652039,2.302159070968628,118.36000061035156,,
,,67.13198757171631,1.1412817239761353,2.302159070968628,129.1199951171875,,
,,67.22205781936646,1.3499031066894531,2.302159070968628,121.05000305175781,,
,,67.3120276927948,1.5523885488510132,2.254197597503662,129.1199951171875,,
,,67.40199828147888,1.748738169670105,2.206235885620117,121.05000305175781,,
,,67.49224662780762,1.9389517307281494,2.1582741737365723,142.57000732421875,,
,,67.58206009864807,2.1230294704437256,2.086331605911255,153.3300018310547,,
,,67.67221689224243,2.300971269607544,1.9904084205627441,134.5,,
,,67.76199173927307,2.4697091579437256,1.8944851160049438,123.74000549316406,,
,,67.85292339324951,2.6261751651763916,1.7506002187728882,126.43000030517578,,
,,67.95103812217712,2.7826411724090576,1.5827343463897705,164.08999633789062,,
,,68.03201198577881,2.893087863922119,1.3908878564834595,134.5,,
,,68.12192678451538,2.9958646297454834,1.151079535484314,126.43000030517578,,
,,68.21196293830872,3.075631618499756,0.8872904777526855,115.67000579833984,,
,,68.30199718475342,3.120116949081421,0.5035973191261292,123.74000549316406,,
,,68.39195513725281,3.1262528896331787,0.07194247096776962,72.6300048828125,,
,,68.48194527626038,3.1247189044952393,0.0,-5.380000114440918,,
,,68.57214426994324,3.1124470233917236,-0.11990412324666977,-99.52999877929688,,
,,68.66193294525146,3.075631618499756,-0.3597123622894287,-137.19000244140625,,
,,68.75535607337952,3.025010108947754,-0.5035973191261292,-158.7100067138672,,
,,68.85109806060791,2.960582971572876,-0.6714630722999573,-161.40000915527344,,
,,68.93189573287964,2.893087863922119,-0.8153480291366577,-131.80999755859375,,
,,69.02189779281616,2.807184934616089,-0.9352521300315857,-126.43000030517578,,
,,69.11211156845093,2.7136120796203613,-1.0071946382522583,-139.8800048828125,,
,,69.20201325416565,2.6123692989349365,-1.1031179428100586,-137.19000244140625,,
,,69.29205656051636,2.5034568309783936,-1.1990412473678589,-134.5,,
,,69.38187098503113,2.386874198913574,-1.2949645519256592,-94.1500015258789,,
,,69.47189021110535,2.261087656021118,-1.3908878564834595,-118.36000061035156,,
,,69.56244134902954,2.127631425857544,-1.4868111610412598,-123.74000549316406,,
,,69.65299773216248,1.9849711656570435,-1.5827343463897705,-107.60000610351562,,
,,69.75207161903381,1.8177672624588013,-1.6786576509475708,-118.36000061035156,,
,,69.83191227912903,1.6797089576721191,-1.7506002187728882,-96.84000396728516,,
,,69.92186617851257,1.5171070098876953,-1.822542667388916,-88.77000427246094,,
,,70.01195406913757,1.3422331809997559,-1.9184659719467163,-94.1500015258789,,
,,70.10199570655823,1.164291501045227,-1.9664275646209717,-83.38999938964844,,
,,70.19207429885864,0.9786797761917114,-2.0143892765045166,-94.1500015258789,,
,,70.28183007240295,0.7900001406669617,-2.0623509883880615,-121.05000305175781,,
,,70.37215924263,0.5921165943145752,-2.1342933177948,-78.01000213623047,,
,,70.46185278892517,0.3911651074886322,-2.1822550296783447,-112.9800033569336,,
,,70.55530905723572,0.18100973963737488,-2.2302167415618896,-59.18000030517578,,
,,70.65188121795654,-0.04601942375302315,-2.254197597503662,-86.08000183105469,,
,,70.73180937767029,-0.2316311001777649,-2.2781782150268555,-61.87000274658203,,
,,70.82178616523743,-0.4448544383049011,-2.302159070968628,-94.1500015258789,,
,,70.91179633140564,-0.653475821018219,-2.302159070968628,-67.25,,
,,71.00187635421753,-0.8590292930603027,-2.302159070968628,-86.08000183105469,,
,,71.09189224243164,-1.0661166906356812,-2.302159070968628,-88.77000427246094,,
,,71.18184494972229,-1.2732040882110596,-2.302159070968628,-107.60000610351562,,
,,71.27190828323364,-1.477223515510559,-2.302159070968628,-75.31999969482422,,
,,71.36190629005432,-1.6781749725341797,-2.254197597503662,-112.9800033569336,,
,,71.45388174057007,-1.8806605339050293,-2.1822550296783447,-112.9800033569336,,
,,71.55181407928467,-2.0846798419952393,-2.086331605911255,-118.36000061035156,,
,,71.63174533843994,-2.2457480430603027,-2.0143892765045166,-115.67000579833984,,
,,71.72195029258728,-2.4190878868103027,-1.9184659719467163,-75.31999969482422,,
,,71.81175708770752,-2.580155849456787,-1.7985618114471436,-88.77000427246094,,
,,71.9017505645752,-2.728951930999756,-1.6306960582733154,-83.38999938964844,,
,,71.99193716049194,-2.8608741760253906,-1.4628303050994873,-110.29000091552734,,
,,72.08174705505371,-2.974388837814331,-1.2470028400421143,-137.19000244140625,,
,,72.17195391654968,-3.0633597373962402,-0.9832137823104858,-134.5,,
,,72.2616822719574,-3.1155149936676025,-0.5995206236839294,-96.84000396728516,,
,,72.35560202598572,-3.1262528896331787,-0.11990412324666977,-172.16000366210938,,
,,72.45223832130432,-3.1262528896331787,0.0,-40.35000228881836,,
,,72.53185296058655,-3.1247189044952393,0.0,48.42000198364258,,
,,72.62210273742676,-3.1017091274261475,0.21582742035388947,185.61000061035156,,
,,72.71168899536133,-3.058757781982422,0.455635666847229,134.5,,
,,72.80172777175903,-3.0035345554351807,0.5995206236839294,129.1199951171875,,
,,72.89185571670532,-2.9360392093658447,0.7194247245788574,118.36000061035156,,
,,72.98168396949768,-2.8562722206115723,0.8633096814155579,123.74000549316406,,
,,73.07166886329651,-2.7688353061676025,0.9592329859733582,139.8800048828125,,
,,73.16237998008728,-2.6706607341766357,1.0551562309265137,121.05000305175781,,
,,73.2537145614624,-2.563282012939453,1.151079535484314,137.19000244140625,,
,,73.35178637504578,-2.4390294551849365,1.2470028400421143,126.43000030517578,,
,,73.43173003196716,-2.3331849575042725,1.318945288658142,115.67000579833984,,
,,73.52164816856384,-2.2012624740600586,1.4388494491577148,131.80999755859375,,
,,73.61169290542603,-2.0616703033447266,1.5347727537155151,139.8800048828125,,
,,73.70157480239868,-1.9159420728683472,1.606715202331543,134.5,,
,,73.79171848297119,-1.76407790184021,1.7026385068893433,139.8800048828125,,
,,73.88167786598206,-1.6030099391937256,1.774580955505371,104.91000366210938,,
,,73.97199606895447,-1.434272050857544,1.8705042600631714,131.80999755859375,,
,,74.0616180896759,-1.2624661922454834,1.9424467086791992,131.80999755859375,,
,,74.15470719337463,-1.0753206014633179,1.9904084205627441,129.1199951171875,,
,,74.25164413452148,-0.8759030699729919,2.0623509883880615,123.74000549316406,,
,,74.33207702636719,-0.7056311964988708,2.1103124618530273,110.29000091552734,,
,,74.42160367965698,-0.5092816352844238,2.1822550296783447,142.57000732421875,,
,,74.51152205467224,-0.3067961633205414,2.206235885620117,91.45999908447266,,
,,74.60160565376282,-0.10277671366930008,2.2302167415618896,123.74000549316406,,
,,74.69155430793762,0.10584467649459839,2.254197597503662,96.84000396728516,,
,,74.78163862228394,0.31753402948379517,2.2781782150268555,112.9800033569336,,
,,74.8717393875122,0.5276893973350525,2.302159070968628,94.1500015258789,,
,,74.96205997467041,0.7409127354621887,2.302159070968628,110.29000091552734,,
,,75.05364561080933,0.9556700587272644,2.302159070968628,86.08000183105469,,
,,75.15314316749573,1.1857671737670898,2.302159070968628,131.80999755859375,,
,,75.23158168792725,1.3652429580688477,2.302159070968628,126.43000030517578,,
,,75.3222029209137,1.5707963705062866,2.2781782150268555,156.02000427246094,,
,,75.41157841682434,1.7671458721160889,2.206235885620117,99.52999877929688,,
,,75.50157403945923,1.9573595523834229,2.1582741737365723,142.57000732421875,,
,,75.59150195121765,2.141437292098999,2.0623509883880615,153.3300018310547,,
,,75.68152475357056,2.3193790912628174,1.9904084205627441,131.80999755859375,,
,,75.77169871330261,2.488116979598999,1.8944851160049438,126.43000030517578,,
,,75.86157488822937,2.641515016555786,1.7266193628311157,139.8800048828125,,
,,75.95495653152466,2.787243127822876,1.5587536096572876,123.74000549316406,,
,,76.05152702331543,2.91916561126709,1.3429261445999146,118.36000061035156,,
,,76.13154745101929,3.008136510848999,1.127098798751831,99.52999877929688,,
,,76.22151732444763,3.0848355293273926,0.8633096814155579,112.9800033569336,,
,,76.31141710281372,3.1216509342193604,0.43165484070777893,126.43000030517578,,
,,76.4014618396759,3.1247189044952393,0.023980824276804924,59.18000030517578,,
,,76.49145126342773,3.1247189044952393,0.0,-8.069999694824219,,
,,76.58169794082642,3.1078450679779053,-0.14388494193553925,-129.1199951171875,,
,,76.67148280143738,3.069495677947998,-0.3836931884288788,-123.74000549316406,,
,,76.76195406913757,3.021942138671875,-0.5275781154632568,-164.08999633789062,,
,,76.85348844528198,2.957515001296997,-0.6954439282417297,-161.40000915527344,,
,,76.9514377117157,2.8746800422668457,-0.8393288254737854,-126.43000030517578,,
,,77.03143382072449,2.797981023788452,-0.9352521300315857,-123.74000549316406,,
,,77.1214542388916,2.7044081687927246,-1.0311754941940308,-150.63999938964844,,
,,77.2114646434784,2.6016314029693604,-1.127098798751831,-137.19000244140625,,
,,77.30146169662476,2.4927189350128174,-1.2230219841003418,-110.29000091552734,,
,,77.39157104492188,2.3746023178100586,-1.318945288658142,-118.36000061035156,,
,,77.4814453125,2.2488160133361816,-1.3908878564834595,-110.29000091552734,,
,,77.57132363319397,2.113825559616089,-1.5107918977737427,-115.67000579833984,,
,,77.66164565086365,1.9726994037628174,-1.5827343463897705,-83.38999938964844,,
,,77.75342726707458,1.8177672624588013,-1.6786576509475708,-110.29000091552734,,
,,77.85154843330383,1.6459614038467407,-1.774580955505371,-110.29000091552734,,
,,77.93137860298157,1.4986993074417114,-1.8465235233306885,-72.6300048828125,,
,,78.0214159488678,1.3253594636917114,-1.9184659719467163,-102.22000122070312,,
,,78.11138725280762,1.1458836793899536,-1.9904084205627441,-88.77000427246094,,
,,78.20145535469055,0.9602720141410828,-2.038370132446289,-86.08000183105469,,
,,78.2913773059845,0.7700583934783936,-2.0623509883880615,-99.52999877929688,,
,,78.38136672973633,0.5721748471260071,-2.1342933177948,-64.55999755859375,,
,,78.47145199775696,0.37275734543800354,-2.1582741737365723,-118.36000061035156,,
,,78.56136846542358,0.16873788833618164,-2.206235885620117,-86.08000183105469,,
,,78.65330791473389,-0.04601942375302315,-2.254197597503662,-99.52999877929688,,
,,78.75136709213257,-0.27765053510665894,-2.302159070968628,-86.08000183105469,,
,,78.83130669593811,-0.46479618549346924,-2.3261399269104004,-78.01000213623047,,
,,78.9213330745697,-0.6749515533447266,-2.3261399269104004,-75.31999969482422,,
,,79.011314868927,-0.8805050253868103,-2.302159070968628,-86.08000183105469,,
,,79.10136532783508,-1.0906603336334229,-2.3261399269104004,-72.6300048828125,,
,,79.19153451919556,-1.2977477312088013,-2.3261399269104004,-91.45999908447266,,
,,79.28136920928955,-1.5017672777175903,-2.2781782150268555,-102.22000122070312,,
,,79.37137269973755,-1.699650764465332,-2.2302167415618896,-80.70000457763672,,
,,79.46317505836487,-1.8960002660751343,-2.1822550296783447,-88.77000427246094,,
,,79.55333042144775,-2.0892817974090576,-2.086331605911255,-99.52999877929688,,
,,79.65130972862244,-2.2825634479522705,-1.9904084205627441,-104.91000366210938,,
,,79.73125219345093,-2.437495470046997,-1.8944851160049438,-78.01000213623047,,
,,79.82125544548035,-2.597029447555542,-1.774580955505371,-83.38999938964844,,
,,79.91122770309448,-2.7442917823791504,-1.606715202331543,-112.9800033569336,,
,,80.0012559890747,-2.8731460571289062,-1.4388494491577148,-112.9800033569336,,
,,80.0914351940155,-2.9835927486419678,-1.2230219841003418,-129.1199951171875,,
,,80.18131065368652,-3.069495677947998,-0.9352521300315857,-131.80999755859375,,
,,80.27172255516052,-3.1185829639434814,-0.5515589714050293,-104.91000366210938,,
,,80.36122727394104,-3.1262528896331787,-0.0959232971072197,-177.54000854492188,,
,,80.45317935943604,-3.1262528896331787,0.0,-37.65999984741211,,
,,80.55224370956421,-3.1216509342193604,0.023980824276804924,164.08999633789062,,
,,80.63121318817139,-3.0986413955688477,0.23980824649333954,185.61000061035156,,
,,80.72133135795593,-3.0541558265686035,0.4796164929866791,150.63999938964844,,
,,80.81121873855591,-2.997398614883423,0.6235014200210571,126.43000030517578,,
,,80.90155148506165,-2.926835536956787,0.7434055805206299,123.74000549316406,,
,,80.9912416934967,-2.845534324645996,0.8872904777526855,107.60000610351562,,
,,81.08281469345093,-2.7580976486206055,0.9592329859733582,131.80999755859375,,
,,81.1711916923523,-2.6599228382110596,1.0551562309265137,118.36000061035156,,
,,81.26126599311829,-2.552544116973877,1.151079535484314,137.19000244140625,,
,,81.35428810119629,-2.4359614849090576,1.2470028400421143,104.91000366210938,,
,,81.44228100776672,-2.3163111209869385,1.3429261445999146,121.05000305175781,,
,,81.53220629692078,-2.1843886375427246,1.4388494491577148,129.1199951171875,,
,,81.62257289886475,-2.046330451965332,1.5107918977737427,118.36000061035156,,
,,81.71227598190308,-1.902136206626892,1.606715202331543,115.67000579833984,,
,,81.80214786529541,-1.748738169670105,1.7026385068893433,142.57000732421875,,
,,81.8912398815155,-1.5861362218856812,1.7985618114471436,118.36000061035156,,
,,81.98220109939575,-1.4173983335494995,1.8705042600631714,86.08000183105469,,
,,82.07111692428589,-1.24252450466156,1.9424467086791992,121.05000305175781,,
,,82.16355061531067,-1.0615147352218628,1.9904084205627441,123.74000549316406,,
,,82.2531054019928,-0.872835099697113,2.086331605911255,121.05000305175781,,
,,82.35233902931213,-0.6642137169837952,2.1103124618530273,110.29000091552734,,
,,82.43213200569153,-0.4893398880958557,2.1822550296783447,102.22000122070312,,
,,82.52239108085632,-0.28685441613197327,2.206235885620117,102.22000122070312,,
,,82.61104917526245,-0.08130098134279251,2.2302167415618896,121.05000305175781,,
,,82.7011148929596,0.12732040882110596,2.2781782150268555,118.36000061035156,,
,,82.7911171913147,0.34207773208618164,2.302159070968628,102.22000122070312,,
,,82.88208508491516,0.5506991147994995,2.302159070968628,115.67000579833984,,
,,82.97269201278687,0.7654564380645752,2.302159070968628,131.80999755859375,,
,,83.0620379447937,0.9756118059158325,2.3261399269104004,129.1199951171875,,
,,83.15425133705139,1.193437099456787,2.302159070968628,118.36000061035156,,
,,83.25117015838623,1.41586434841156,2.2781782150268555,131.80999755859375,,
,,83.33227372169495,1.5953400135040283,2.2781782150268555,118.36000061035156,,
,,83.42201614379883,1.7916896343231201,2.206235885620117,134.5,,
,,83.5121374130249,1.983437180519104,2.1582741737365723,156.02000427246094,,
,,83.60201835632324,2.165980815887451,2.0623509883880615,121.05000305175781,,
,,83.69223999977112,2.3408546447753906,1.9664275646209717,110.29000091552734,,
,,83.78211307525635,2.5065245628356934,1.8465235233306885,139.8800048828125,,
,,83.87232780456543,2.65838885307312,1.7026385068893433,161.40000915527344,,
,,83.96200609207153,2.797981023788452,1.5587536096572876,129.1199951171875,,
,,84.05518174171448,2.9253015518188477,1.3429261445999146,129.1199951171875,,
,,84.15110492706299,3.028078079223633,1.0791370868682861,107.60000610351562,,
,,84.23198366165161,3.089437484741211,0.8153480291366577,104.91000366210938,,
,,84.32198095321655,3.1231849193573,0.3597123622894287,129.1199951171875,,
,,84.4119815826416,3.1262528896331787,0.023980824276804924,37.65999984741211,,
,,84.50200724601746,3.1247189044952393,0.0,-32.279998779296875,,
,,84.59213542938232,3.106311082839966,-0.1918465942144394,-129.1199951171875,,
,,84.6819863319397,3.0648937225341797,-0.40767401456832886,-129.1199951171875,,
,,84.77217674255371,3.0142722129821777,-0.5275781154632568,-145.260009765625,,
,,84.86195945739746,2.9529130458831787,-0.6714630722999573,-169.47000122070312,,
,,84.95547819137573,2.871612071990967,-0.8393288254737854,-145.260009765625,,
,,85.05102229118347,2.7780392169952393,-0.9592329859733582,-112.9800033569336,,
,,85.1323709487915,2.692136287689209,-1.0311754941940308,-156.02000427246094,,
,,85.22197842597961,2.590893507003784,-1.127098798751831,-118.36000061035156,,
,,85.3121907711029,2.4789130687713623,-1.2230219841003418,-110.29000091552734,,
,,85.40200066566467,2.359262466430664,-1.318945288658142,-75.31999969482422,,
,,85.49194192886353,2.2319421768188477,-1.4148685932159424,-99.52999877929688,,
,,85.58199834823608,2.096951723098755,-1.5107918977737427,-102.22000122070312,,
,,85.67197036743164,1.954291582107544,-1.606715202331543,-91.45999908447266,,
,,85.76715874671936,1.8039615154266357,-1.6786576509475708,-126.43000030517578,,
,,85.85395169258118,1.6413594484329224,-1.774580955505371,-147.9499969482422,,
,,85.95201778411865,1.4588158130645752,-1.8705042600631714,-110.29000091552734,,
,,86.0319197177887,1.3054176568984985,-1.9424467086791992,-88.77000427246094,,
,,86.12229466438293,1.1228740215301514,-1.9904084205627441,-86.08000183105469,,
,,86.21187233924866,0.9372622966766357,-2.038370132446289,-78.01000213623047,,
,,86.3018867969513,0.7455146908760071,-2.086331605911255,-86.08000183105469,,
,,86.39195418357849,0.5476311445236206,-2.1582741737365723,-88.77000427246094,,
,,86.48186492919922,0.34514567255973816,-2.1822550296783447,-99.52999877929688,,
,,86.57188582420349,0.13805827498435974,-2.2302167415618896,-110.29000091552734,,
,,86.66191673278809,-0.07209710031747818,-2.2781782150268555,-69.94000244140625,,
,,86.75535917282104,-0.28685441613197327,-2.2781782150268555,-112.9800033569336,,
,,86.85183620452881,-0.5138835906982422,-2.302159070968628,-78.01000213623047,,
,,86.93238520622253,-0.7025632262229919,-2.3261399269104004,-88.77000427246094,,
,,87.02186870574951,-0.9081166386604309,-2.302159070968628,-86.08000183105469,,
,,87.11207461357117,-1.1167380809783936,-2.302159070968628,-72.6300048828125,,
,,87.20183634757996,-1.323825478553772,-2.302159070968628,-78.01000213623047,,
,,87.29185724258423,-1.5232429504394531,-2.2781782150268555,-94.1500015258789,,
,,87.38243222236633,-1.7241944074630737,-2.206235885620117,-83.38999938964844,,
,,87.4718325138092,-1.9144080877304077,-2.1582741737365723,-123.74000549316406,,
,,87.56179356575012,-2.1030876636505127,-2.086331605911255,-123.74000549316406,,
,,87.65654492378235,-2.2902333736419678,-1.9904084205627441,-121.05000305175781,,
,,87.75183153152466,-2.474311113357544,-1.8705042600631714,-115.67000579833984,,
,,87.83176136016846,-2.6154372692108154,-1.774580955505371,-86.08000183105469,,
,,87.92177891731262,-2.759631395339966,-1.5827343463897705,-121.05000305175781,,
,,88.01218819618225,-2.8869519233703613,-1.4148685932159424,-102.22000122070312,,
,,88.10192966461182,-2.9958646297454834,-1.1990412473678589,-123.74000549316406,,
,,88.19175219535828,-3.075631618499756,-0.911271333694458,-121.05000305175781,,
,,88.28181600570679,-3.120116949081421,-0.5035973191261292,-126.43000030517578,,
,,88.37211203575134,-3.1262528896331787,-0.04796164855360985,-166.77999877929688,,
,,88.46175146102905,-3.1262528896331787,0.0,-34.970001220703125,,
,,88.553866147995,-3.120116949081421,0.023980824276804924,161.40000915527344,,
,,88.6517686843872,-3.0879034996032715,0.2877698838710785,156.02000427246094,,
,,88.73230338096619,-3.0480198860168457,0.4796164929866791,145.260009765625,,
,,88.82175779342651,-2.988194704055786,0.6235014200210571,139.8800048828125,,
,,88.91179704666138,-2.9206995964050293,0.7434055805206299,150.63999938964844,,
,,89.00182294845581,-2.837864637374878,0.8872904777526855,110.29000091552734,,
,,89.0917739868164,-2.7488937377929688,0.9832137823104858,112.9800033569336,,
,,89.18237137794495,-2.6491849422454834,1.0791370868682861,131.80999755859375,,
,,89.2717924118042,-2.5433402061462402,1.1750603914260864,91.45999908447266,,
,,89.36177825927734,-2.426757574081421,1.2709836959838867,107.60000610351562,,
,,89.45373177528381,-2.2994372844696045,1.3429261445999146,123.74000549316406,,
,,89.55171847343445,-2.155243158340454,1.4628303050994873,129.1199951171875,,
,,89.6324532032013,-2.0309906005859375,1.5347727537155151,112.9800033569336,,
,,89.72176671028137,-1.8837285041809082,1.6306960582733154,134.5,,
,,89.81187582015991,-1.728796362876892,1.7026385068893433,153.3300018310547,,
,,89.90166020393372,-1.5677284002304077,1.7985618114471436,96.84000396728516,,
,,89.99181175231934,-1.398990511894226,1.8944851160049438,91.45999908447266,,
,,90.08167266845703,-1.225650668144226,1.9664275646209717,107.60000610351562,,
,,90.17171955108643,-1.04157292842865,2.0143892765045166,137.19000244140625,,
,,90.26211380958557,-0.8559613227844238,2.0623509883880615,129.1199951171875,,
,,90.35366582870483,-0.6611457467079163,2.1103124618530273,139.8800048828125,,
,,90.4518392086029,-0.44332045316696167,2.206235885620117,129.1199951171875,,
,,90.53166079521179,-0.2623107135295868,2.2302167415618896,86.08000183105469,,
,,90.62162566184998,-0.05675728991627693,2.2302167415618896,115.67000579833984,,
,,90.71172952651978,0.15493206679821014,2.2781782150268555,115.67000579833984,,
,,90.80160689353943,0.3666214048862457,2.302159070968628,91.45999908447266,,
,,90.89159822463989,0.5783107876777649,2.302159070968628,86.08000183105469,,
,,90.98219060897827,0.7915341258049011,2.302159070968628,129.1199951171875,,
,,91.07161974906921,1.0016894340515137,2.302159070968628,153.3300018310547,,
,,91.16173100471497,1.2103108167648315,2.302159070968628,94.1500015258789,,
,,91.25464534759521,1.4235341548919678,2.2781782150268555,129.1199951171875,,
,,91.3521876335144,1.639825463294983,2.254197597503662,137.19000244140625,,
,,91.43159341812134,1.8116313219070435,2.206235885620117,131.80999755859375,,
,,91.52157211303711,2.0033788681030273,2.1582741737365723,118.36000061035156,,
,,91.61156129837036,2.185922622680664,2.038370132446289,147.9499969482422,,
,,91.70165538787842,2.3607964515686035,1.9664275646209717,150.63999938964844,,
,,91.79179787635803,2.5264663696289062,1.8465235233306885,153.3300018310547,,
,,91.88209176063538,2.6767964363098145,1.6786576509475708,126.43000030517578,,
,,91.97155523300171,2.8133208751678467,1.5107918977737427,99.52999877929688,,
,,92.06211638450623,2.932971239089966,1.318945288658142,115.67000579833984,,
,,92.1595618724823,3.0342140197753906,1.0551562309265137,104.91000366210938,,
,,92.25157594680786,3.103243112564087,0.7194247245788574,104.91000366210938,,
,,92.33154702186584,3.1247189044952393,0.31175071001052856,142.57000732421875,,
,,92.42148756980896,3.1247189044952393,0.0,59.18000030517578,,
,,92.51163101196289,3.1247189044952393,0.0,-29.59000015258789,,
,,92.60162210464478,3.1017091274261475,-0.23980824649333954,-134.5,,
,,92.6915454864502,3.0602917671203613,-0.43165484070777893,-112.9800033569336,,
,,92.78156113624573,3.008136510848999,-0.5515589714050293,-131.80999755859375,,
,,92.87148857116699,2.943709135055542,-0.6954439282417297,-174.85000610351562,,
,,92.96151781082153,2.8670101165771484,-0.8393288254737854,-131.80999755859375,,
,,93.05347895622253,2.7765052318573,-0.9592329859733582,-137.19000244140625,,
,,93.15145206451416,2.672194719314575,-1.0551562309265137,-123.74000549316406,,
,,93.23149180412292,2.5786218643188477,-1.151079535484314,-134.5,,
,,93.32145237922668,2.4666411876678467,-1.2470028400421143,-102.22000122070312,,
,,93.4114305973053,2.345456600189209,-1.3429261445999146,-126.43000030517578,,
,,93.50147461891174,2.2181363105773926,-1.4148685932159424,-88.77000427246094,,
,,93.59149503707886,2.0816118717193604,-1.5107918977737427,-131.80999755859375,,
,,93.68157315254211,1.9389517307281494,-1.606715202331543,-99.52999877929688,,
,,93.77144527435303,1.7870876789093018,-1.7026385068893433,-118.36000061035156,,
,,93.86142563819885,1.6275537014007568,-1.774580955505371,-131.80999755859375,,
,,93.95344710350037,1.4557478427886963,-1.8705042600631714,-129.1199951171875,,
,,94.05142545700073,1.2670681476593018,-1.9424467086791992,-88.77000427246094,,
,,94.13138461112976,1.1060001850128174,-1.9904084205627441,-83.38999938964844,,
,,94.22142171859741,0.9173205494880676,-2.0623509883880615,-86.08000183105469,,
,,94.3114402294159,0.725572943687439,-2.086331605911255,-86.08000183105469,,
,,94.40141224861145,0.5276893973350525,-2.1342933177948,-69.94000244140625,,
,,94.49169850349426,0.32827189564704895,-2.1822550296783447,-94.1500015258789,,
,,94.5814094543457,0.12118448317050934,-2.2302167415618896,-112.9800033569336,,
,,94.67145705223083,-0.08590292930603027,-2.254197597503662,-83.38999938964844,,
,,94.76144194602966,-0.29759228229522705,-2.2781782150268555,-83.38999938964844,,
,,94.85336089134216,-0.5123496055603027,-2.302159070968628,-69.94000244140625,,
,,94.95145535469055,-0.7393787503242493,-2.3261399269104004,-107.60000610351562,,
,,95.03134799003601,-0.9234564304351807,-2.302159070968628,-96.84000396728516,,
,,95.1213743686676,-1.130543828010559,-2.302159070968628,-123.74000549316406,,
,,95.21136832237244,-1.3360973596572876,-2.302159070968628,-51.11000061035156,,
,,95.30137228965759,-1.5385828018188477,-2.2781782150268555,-75.31999969482422,,
,,95.39143538475037,-1.7380002737045288,-2.2302167415618896,-102.22000122070312,,
,,95.48141884803772,-1.9328157901763916,-2.1822550296783447,-110.29000091552734,,
,,95.57144832611084,-2.1230294704437256,-2.086331605911255,-88.77000427246094,,
,,95.66134762763977,-2.3025052547454834,-1.9904084205627441,-83.38999938964844,,
,,95.75480604171753,-2.4789130687713623,-1.8705042600631714,-99.52999877929688,,
,,95.85132503509521,-2.647650957107544,-1.7266193628311157,-110.29000091552734,,
,,95.93184161186218,-2.7749712467193604,-1.5827343463897705,-115.67000579833984,,
,,96.0212984085083,-2.9007577896118164,-1.3908878564834595,-121.05000305175781,,
,,96.11151051521301,-3.0066025257110596,-1.151079535484314,-126.43000030517578,,
,,96.20131731033325,-3.083301544189453,-0.8633096814155579,-123.74000549316406,,
,,96.29154539108276,-3.1231849193573,-0.455635666847229,-134.5,,
,,96.38147187232971,-3.1262528896331787,-0.023980824276804924,-142.57000732421875,,
,,96.4713499546051,-3.1262528896331787,0.0,-24.21000099182129,,
,,96.56132507324219,-3.1185829639434814,0.04796164855360985,161.40000915527344,,
,,96.65331315994263,-3.0909714698791504,0.2637890577316284,158.7100067138672,,
,,96.75147008895874,-3.0372819900512695,0.5275781154632568,142.57000732421875,,
,,96.83136415481567,-2.9820587635040283,0.6714630722999573,129.1199951171875,,
,,96.9218578338623,-2.909961700439453,0.7673863768577576,142.57000732421875,,
,,97.01124715805054,-2.8271267414093018,0.911271333694458,115.67000579833984,,
,,97.10127425193787,-2.736621856689453,0.9832137823104858,129.1199951171875,,
,,97.19121384620667,-2.6369130611419678,1.0791370868682861,131.80999755859375,,
,,97.28123354911804,-2.529534339904785,1.1750603914260864,121.05000305175781,,
,,97.37143778800964,-2.416019916534424,1.2709836959838867,123.74000549316406,,
,,97.46125316619873,-2.2902333736419678,1.366907000541687,99.52999877929688,,
,,97.55347919464111,-2.1537091732025146,1.4628303050994873,134.5,,
,,97.65122580528259,-1.9987770318984985,1.5587536096572876,121.05000305175781,,
,,97.73274254798889,-1.8683886528015137,1.6306960582733154,104.91000366210938,,
,,97.8212730884552,-1.7119226455688477,1.7266193628311157,161.40000915527344,,
,,97.91258311271667,-1.5477867126464844,1.822542667388916,107.60000610351562,,
,,98.00135469436646,-1.3790488243103027,1.8944851160049438,104.91000366210938,,
,,98.0912504196167,-1.2057089805603027,1.9664275646209717,112.9800033569336,,
,,98.18125748634338,-1.023165225982666,2.0143892765045166,121.05000305175781,,
,,98.27121090888977,-0.8344855904579163,2.086331605911255,99.52999877929688,,
,,98.36140418052673,-0.6427379846572876,2.1342933177948,134.5,,
,,98.45319604873657,-0.43718454241752625,2.206235885620117,83.38999938964844,,
,,98.55229878425598,-0.2178252786397934,2.206235885620117,118.36000061035156,,
,,98.63114905357361,-0.03681553900241852,2.2302167415618896,129.1199951171875,,
,,98.7211709022522,0.1733398288488388,2.2781782150268555,112.9800033569336,,
,,98.81114745140076,0.3850291967391968,2.302159070968628,112.9800033569336,,
,,98.90110921859741,0.5951845645904541,2.2781782150268555,123.74000549316406,,
,,98.99224781990051,0.8068739175796509,2.302159070968628,112.9800033569336,,
,,99.08210015296936,1.0185632705688477,2.302159070968628,131.80999755859375,,
,,99.172607421875,1.228718638420105,2.302159070968628,139.8800048828125,,
,,99.26216769218445,1.4327380657196045,2.2781782150268555,137.19000244140625,,
,,99.35691976547241,1.636757493019104,2.2302167415618896,112.9800033569336,,
,,99.4516236782074,1.8469128608703613,2.1822550296783447,161.40000915527344,,
,,99.532053232193,2.015650749206543,2.1342933177948,123.74000549316406,,
,,99.62118625640869,2.1981945037841797,2.038370132446289,134.5,,
,,99.71110486984253,2.3715343475341797,1.9424467086791992,158.7100067138672,,
,,99.80113983154297,2.535670280456543,1.8465235233306885,147.9499969482422,,
,,99.8910801410675,2.686000347137451,1.6786576509475708,126.43000030517578,,
,,99.98223996162415,2.8225247859954834,1.5107918977737427,112.9800033569336,,
,,100.07204365730286,2.9421751499176025,1.318945288658142,118.36000061035156,,
,,100.16207456588745,3.03574800491333,1.0551562309265137,91.45999908447266,,
,,100.25442910194397,3.103243112564087,0.7194247245788574,104.91000366210938,,
,,100.35176253318787,3.1247189044952393,0.21582742035388947,142.57000732421875,,
,,100.43205785751343,3.1247189044952393,0.0,48.42000198364258,,
,,100.52202343940735,3.1231849193573,0.0,-53.80000305175781,,
,,100.61213994026184,3.0986413955688477,-0.2637890577316284,-169.47000122070312,,
,,100.70222282409668,3.0541558265686035,-0.455635666847229,-118.36000061035156,,
,,100.79199361801147,3.0004665851593018,-0.575539767742157,-131.80999755859375,,
,,100.8820264339447,2.9360392093658447,-0.7194247245788574,-164.08999633789062,,
,,100.97232365608215,2.8562722206115723,-0.8633096814155579,-166.77999877929688,,
,,101.06206107139587,2.767301321029663,-0.9592329859733582,-139.8800048828125,,
,,101.15424537658691,2.667592763900757,-1.0791370868682861,-150.63999938964844,,
,,101.25102043151855,2.5540781021118164,-1.1750603914260864,-139.8800048828125,,
,,101.33194422721863,2.4528353214263916,-1.2470028400421143,-121.05000305175781,,
,,101.42221760749817,2.331650972366333,-1.3429261445999146,-86.08000183105469,,
,,101.51214003562927,2.2043304443359375,-1.4388494491577148,-107.60000610351562,,
,,101.60200500488281,2.066272258758545,-1.5107918977737427,-99.52999877929688,,
,,101.69224262237549,1.922078013420105,-1.6306960582733154,-107.60000610351562,,
,,101.78194332122803,1.7702138423919678,-1.7026385068893433,-104.91000366210938,,
,,101.87207579612732,1.6106798648834229,-1.774580955505371,-134.5,,
,,101.96190571784973,1.4419419765472412,-1.8705042600631714,-123.74000549316406,,
,,102.05296206474304,1.2624661922454834,-1.9424467086791992,-118.36000061035156,,
,,102.1525092124939,1.0615147352218628,-1.9904084205627441,-115.67000579833984,,
,,102.23206853866577,0.8943108320236206,-2.0623509883880615,-104.91000366210938,,
,,102.36794638633728,0.6089903712272644,-2.0623509883880615,37.65999984741211,,
,,102.45921540260315,0.5138835906982422,-1.0791370868682861,-121.05000305175781,,
,,102.54808282852173,0.4494563937187195,-0.6714630722999573,-110.29000091552734,,
,,102.63909530639648,0.3834952116012573,-0.6954439282417297,-129.1199951171875,,
,,102.72905230522156,0.3190680146217346,-0.6954439282417297,-123.74000549316406,,
,,102.8191180229187,0.251572847366333,-0.7194247245788574,-110.29000091552734,,
,,102.90946674346924,0.1871456652879715,-0.6954439282417297,-123.74000549316406,,
,,102.99903869628906,0.11965050548315048,-0.7194247245788574,-126.43000030517578,,
,,103.08905673027039,0.05062136799097061,-0.7673863768577576,-53.80000305175781,,
,,103.17946791648865,0.0076699042692780495,-0.455635666847229,-24.21000099182129,,
,,103.26955842971802,0.0,-0.04796164855360985,0.0,,
,,103.35941076278687,-0.012271846644580364,-0.11990412324666977,142.57000732421875,,
,,103.44965100288391,-0.012271846644580364,0.0,145.260009765625,,
,,103.5401861667633,-0.012271846644580364,0.0,147.9499969482422,,
,,103.62781810760498,-0.012271846644580364,0.0,145.260009765625,,
,,103.71927189826965,-0.012271846644580364,0.0,147.9499969482422,,
,,103.80923461914062,-0.012271846644580364,0.0,145.260009765625,,
,,103.89942717552185,-0.012271846644580364,0.0,147.9499969482422,,
,,103.98932147026062,-0.012271846644580364,0.0,147.9499969482422,,
,,104.0792465209961,-0.012271846644580364,0.0,137.19000244140625,,
,,104.16933369636536,-0.012271846644580364,0.0,145.260009765625,,
,,104.25927138328552,-0.012271846644580364,0.0,145.260009765625,,
,,104.349374294281,-0.012271846644580364,0.0,147.9499969482422,,
,,104.43939566612244,-0.012271846644580364,0.0,142.57000732421875,,
,,104.53040981292725,-0.012271846644580364,0.0,142.57000732421875,,
,,104.61930823326111,-0.012271846644580364,0.0,145.260009765625,,
,,104.70938777923584,-0.012271846644580364,0.0,145.260009765625,,
,,104.79954147338867,-0.012271846644580364,0.0,142.57000732421875,,
,,104.88916873931885,-0.012271846644580364,0.0,145.260009765625,,
,,104.97930240631104,-0.012271846644580364,0.0,142.57000732421875,,
,,105.06923913955688,-0.012271846644580364,0.0,150.63999938964844,,
,,105.15931177139282,-0.012271846644580364,0.0,145.260009765625,,
,,105.24935674667358,-0.012271846644580364,0.0,147.9499969482422,,
,,105.3392448425293,-0.012271846644580364,0.0,145.260009765625,,
,,105.42907357215881,-0.012271846644580364,0.0,142.57000732421875,,
,,105.51919722557068,-0.010737866163253784,0.0,145.260009765625,,
,,105.60923719406128,-0.012271846644580364,0.0,145.260009765625,,
,,105.69932055473328,-0.012271846644580364,0.0,147.9499969482422,,
,,105.78924083709717,-0.012271846644580364,0.0,147.9499969482422,,
,,105.87915539741516,-0.012271846644580364,0.0,147.9499969482422,,
,,105.9693853855133,-0.012271846644580364,0.0,147.9499969482422,,
